Name,Street,Site,Result,dossier_id,dossier_urn,pb_slug,resolve_status,cell
Emily Sitton,"2465 Northgate Ave NE, Salem, OR 97301",https://dash.pricehubble.com/pb/EnMKCgszQDcbIPmeZWR3o6So,ok,a4fe54ba-23fd-4e0f-8a67-cb2a79950ce6,urn:phi:dossier:a4fe54ba-23fd-4e0f-8a67-cb2a79950ce6,EnMKCgszQDcbIPmeZWR3o6So,ok,503-880-2123
Walter Mercadal,"907 NE Meadow Dr, Portland, OR 97211",https://dash.pricehubble.com/pb/vs5pO9VireBpwcDE3Q7Zqvky,ok,d821f447-e38a-4b46-8c09-e989dc34f4d9,urn:phi:dossier:d821f447-e38a-4b46-8c09-e989dc34f4d9,vs5pO9VireBpwcDE3Q7Zqvky,ok,916-501-3147
Heidi Limburg,"17895 SW Zenith PL, Beaverton, OR 97007",https://dash.pricehubble.com/pb/ICvUAsEhiFNxGcgrcYjZM61E,ok,3dd1b31a-65e6-446d-8a17-80298b3fb1d8,urn:phi:dossier:3dd1b31a-65e6-446d-8a17-80298b3fb1d8,ICvUAsEhiFNxGcgrcYjZM61E,ok,512-699-6566
Keith Danielsen,"60860 SW Headwaters Loop, Bend, OR 97702",https://dash.pricehubble.com/pb/Hx2ykEIv227FKprDzfy4CxNN,ok,c4470588-dc1f-402f-9549-a6fc61a6e066,urn:phi:dossier:c4470588-dc1f-402f-9549-a6fc61a6e066,Hx2ykEIv227FKprDzfy4CxNN,ok,971-777-0609
Joel Krestik,"2310 NW Brickyard St, Bend, OR 97703",https://dash.pricehubble.com/pb/Vlwg4XrZxsJqweWITBxrlMFb,ok,4662617e-e47e-49fb-8fb5-df99bf492d7b,urn:phi:dossier:4662617e-e47e-49fb-8fb5-df99bf492d7b,Vlwg4XrZxsJqweWITBxrlMFb,ok,541-844-5373
Robert Terry,"21849 SW Regal Ct, Beaverton, OR 97003",https://dash.pricehubble.com/pb/0CmrV4aJq751c6tobCKqDglw,ok,787f21db-332f-4109-91d4-b18e589937d5,urn:phi:dossier:787f21db-332f-4109-91d4-b18e589937d5,0CmrV4aJq751c6tobCKqDglw,ok,503-720-7671
Deepak Paul,"8195 SE Leafhopper Street, Hillsboro, OR 97123",https://dash.pricehubble.com/pb/NlGmacqhR4EUrnQArVnZrwKE,ok,29a00d1b-d872-4ad2-84d5-7ae0b2bafc5f,urn:phi:dossier:29a00d1b-d872-4ad2-84d5-7ae0b2bafc5f,NlGmacqhR4EUrnQArVnZrwKE,ok,503-308-0708
Lorraine O'Neill,"9330 SW  Tangela Street, Portland, OR 97223",https://dash.pricehubble.com/pb/9qfOyQe0SGVkG3hllTouMAxV,ok,264ab59f-b242-4231-84e3-5562614dfd41,urn:phi:dossier:264ab59f-b242-4231-84e3-5562614dfd41,9qfOyQe0SGVkG3hllTouMAxV,ok,503-804-4791
Kyle Wiglesworth,"8220 SW Taylors Ferry Rd., Tigard, OR 97223",https://dash.pricehubble.com/pb/db5VMdCrnVXKfw78nmuRWnGu,ok,92b7a096-c5fb-4971-b89d-33f91138d2d6,urn:phi:dossier:92b7a096-c5fb-4971-b89d-33f91138d2d6,db5VMdCrnVXKfw78nmuRWnGu,ok,503-367-2691
Parag Dixit,"8121 SE Kinnaman St, Hillsboro, OR 97123",https://dash.pricehubble.com/pb/l9l6UfISWWzBRyBbv4zG3WqU,ok,d7392856-edd9-4268-b292-d21710f8510e,urn:phi:dossier:d7392856-edd9-4268-b292-d21710f8510e,l9l6UfISWWzBRyBbv4zG3WqU,ok,412-692-0599
Suraj Bathija,"4037 SE 85th Ave, Hillsboro, OR 97123",https://dash.pricehubble.com/pb/RWEoLmkXgswKnY850NqURS0v,ok,7fb6bde9-8eb3-416b-ad44-d76ab08c1fbf,urn:phi:dossier:7fb6bde9-8eb3-416b-ad44-d76ab08c1fbf,RWEoLmkXgswKnY850NqURS0v,ok,503-702-8898
Anna Higgins,"64573 Wood Avenue, Bend, OR 97703",https://dash.pricehubble.com/pb/y11rWvspooobARXNFkIhlh9t,ok,86d6d1ba-4ca0-4b89-9d18-729f249f7187,urn:phi:dossier:86d6d1ba-4ca0-4b89-9d18-729f249f7187,y11rWvspooobARXNFkIhlh9t,ok,541-771-6886
Robert Morsch,"102 Ruskin, Maryville, TN 37803",https://dash.pricehubble.com/pb/Ig1viN9woVqSxOFHzMO6ws9e,ok,dc41dd2e-b92a-4d63-b899-9a8a9a537fc4,urn:phi:dossier:dc41dd2e-b92a-4d63-b899-9a8a9a537fc4,Ig1viN9woVqSxOFHzMO6ws9e,ok,865-249-9458
Gregory Fort,"2274 SE 48th Ave, Hillsboro, OR 97123",https://dash.pricehubble.com/pb/MGaxkR1NLReN6pyM2c0n1Rpq,ok,09914dd4-80ab-4452-bcff-1f8ed93ab32f,urn:phi:dossier:09914dd4-80ab-4452-bcff-1f8ed93ab32f,MGaxkR1NLReN6pyM2c0n1Rpq,ok,503-209-7779
Kurt Mensing,"17135 Palomino Dr, Sisters, OR 97759",https://dash.pricehubble.com/pb/EEUBpbhfZQTTM2o80OiB8cZz,ok,0682ca1a-a79a-4c93-a1e7-9e2633dbbd66,urn:phi:dossier:0682ca1a-a79a-4c93-a1e7-9e2633dbbd66,EEUBpbhfZQTTM2o80OiB8cZz,ok,206-595-6095
Vishnu vardhan Ravi,"3913 SE Jade Lane, Hillsboro, OR 97123",https://dash.pricehubble.com/pb/BMd1CbUEqgbpWPBxacum0XCr,ok,fd611365-ab62-4893-a3ee-f334ca1ac899,urn:phi:dossier:fd611365-ab62-4893-a3ee-f334ca1ac899,BMd1CbUEqgbpWPBxacum0XCr,ok,541-602-6513
Michelle Eidam,"20606 SE Gemstone Ave, Bend, OR 97702",https://dash.pricehubble.com/pb/j6aGpDdk5F0h9LS8S1QByMbL,ok,deebc2c9-ec3f-4a21-a714-8ad236c75373,urn:phi:dossier:deebc2c9-ec3f-4a21-a714-8ad236c75373,j6aGpDdk5F0h9LS8S1QByMbL,ok,916-276-1816
Andrew Fuller,"817 East Ave, North Augusta, SC 29841",https://dash.pricehubble.com/pb/NX6oqaAR9463544vmyLKSfgn,ok,070bcde4-a191-467b-8c30-260e8885def3,urn:phi:dossier:070bcde4-a191-467b-8c30-260e8885def3,NX6oqaAR9463544vmyLKSfgn,ok,803-341-5102
Sameer Kulkarni,"16924 NW MESA VIEW LN, Beaverton, OR 97006",https://dash.pricehubble.com/pb/yPrL9CtQN4RJIA7nnkQnN68w,ok,8ef4fa45-65cc-4623-99c3-63be9b4b4c14,urn:phi:dossier:8ef4fa45-65cc-4623-99c3-63be9b4b4c14,yPrL9CtQN4RJIA7nnkQnN68w,ok,512-573-3369
Elisabeth Gumm,"508 SE Bronte Way, Hillsboro, OR 97123",https://dash.pricehubble.com/pb/KRNH65rF5ZwcMFSmfBSepncZ,ok,01599597-37c6-4cce-a989-05df686c3616,urn:phi:dossier:01599597-37c6-4cce-a989-05df686c3616,KRNH65rF5ZwcMFSmfBSepncZ,ok,503-789-6437
Jason Caponetti,"2094 Knowles Rd, Medford, OR 97501",https://dash.pricehubble.com/pb/mh0laWSaODnCdXQNCSTnBURw,ok,82954b72-89ac-4e01-b66d-ac707225e10c,urn:phi:dossier:82954b72-89ac-4e01-b66d-ac707225e10c,mh0laWSaODnCdXQNCSTnBURw,ok,916-897-1106
Whitney Carlson,"22447 SW 112th Avenue, Tualatin, OR 97062",https://dash.pricehubble.com/pb/OUdACuG48QVOhG0vl5usUn3s,ok,d5f8c944-384e-4007-a75f-9494a30621ec,urn:phi:dossier:d5f8c944-384e-4007-a75f-9494a30621ec,OUdACuG48QVOhG0vl5usUn3s,ok,503-998-4408
Curry King,"5233 NW Skyline Blvd, Portland, OR 97229",https://dash.pricehubble.com/pb/CHnnQ1hgXpyjlnZwR8kPmbb5,ok,f26af8c9-81f3-4a89-99df-8772223fdb1c,urn:phi:dossier:f26af8c9-81f3-4a89-99df-8772223fdb1c,CHnnQ1hgXpyjlnZwR8kPmbb5,ok,503-593-8637
Regina May,"315 S Fork Rd, Dayville, OR 97825",https://dash.pricehubble.com/pb/DJAkwEPmDS8mQyqa13U5YtCu,ok,2d32237e-48ba-4124-826b-7e94a106f025,urn:phi:dossier:2d32237e-48ba-4124-826b-7e94a106f025,DJAkwEPmDS8mQyqa13U5YtCu,ok,971-271-0500
Chebon Porter,"60665 Teton Ct, Bend, OR 97702",https://dash.pricehubble.com/pb/Kq1okhJyL2JqZmU7Q9o1qrY2,ok,148b3eed-57f6-4fe5-909b-0140c0612884,urn:phi:dossier:148b3eed-57f6-4fe5-909b-0140c0612884,Kq1okhJyL2JqZmU7Q9o1qrY2,ok,
Jeremy Gillis,"3550 NE Fairview Lake Ct, Fairview, OR 97024",https://dash.pricehubble.com/pb/HQvO2s1oIM9evEo7hsSxQUEc,ok,354841f6-7816-43ac-9b7e-b27b3add9168,urn:phi:dossier:354841f6-7816-43ac-9b7e-b27b3add9168,HQvO2s1oIM9evEo7hsSxQUEc,ok,503-781-8506
Jacob Guthrie,"907 N Filbert Ct, Newberg, OR 97132",https://dash.pricehubble.com/pb/9CAen4WPo37LkavIDjHKg4Go,ok,91a88d99-90df-4e8d-8e3f-50d49487754a,urn:phi:dossier:91a88d99-90df-4e8d-8e3f-50d49487754a,9CAen4WPo37LkavIDjHKg4Go,ok,636-578-4968
John Quinby,"3321 NW Conrad Dr, Bend, OR 97703",https://dash.pricehubble.com/pb/5hC5a5WrVdHEt0ivpitT203I,ok,c7369068-9895-41a5-b2da-ab67731ef6c8,urn:phi:dossier:c7369068-9895-41a5-b2da-ab67731ef6c8,5hC5a5WrVdHEt0ivpitT203I,ok,
Keivan Davoodimeshkani,"7560 SW 161st Dr, Beaverton, OR 97007",https://dash.pricehubble.com/pb/RgTKcvYznv0zXS2hWjCrnABH,ok,fae66955-253f-483f-9476-123582d4c196,urn:phi:dossier:fae66955-253f-483f-9476-123582d4c196,RgTKcvYznv0zXS2hWjCrnABH,ok,971-270-8859
Gregory Machacek,"2188 NW Quince Pl, Redmond, OR 97756",https://dash.pricehubble.com/pb/6Iyz1Ds2KkzEkuykK0LG2PCH,ok,b08ef23e-796b-4798-8ad4-2206b4f79293,urn:phi:dossier:b08ef23e-796b-4798-8ad4-2206b4f79293,6Iyz1Ds2KkzEkuykK0LG2PCH,ok,503-989-0563
Mallikarjun Bellundagi,"14542 NW Olive St, Portland, OR 97229",https://dash.pricehubble.com/pb/ghsOrI6ITuAnXlH9KCH1bTkI,ok,c7367165-1459-41fa-bf9d-dec29cbf83b8,urn:phi:dossier:c7367165-1459-41fa-bf9d-dec29cbf83b8,ghsOrI6ITuAnXlH9KCH1bTkI,ok,443-333-3467
Tosia Accardo,"241 16th St SE, Salem, OR 97301",https://dash.pricehubble.com/pb/0giGfUwoFZjjAMZ3FdawZW2C,ok,4acfa62e-f7a4-4ce7-a8c9-1e0e9967daec,urn:phi:dossier:4acfa62e-f7a4-4ce7-a8c9-1e0e9967daec,0giGfUwoFZjjAMZ3FdawZW2C,ok,503-949-2779
Timothy Cerny,"13 Eaton St, Lebanon, OR 97355",https://dash.pricehubble.com/pb/2WSnKVhQcHB7NhBAXLTiJTHz,ok,8858ca45-605e-4215-bade-430151c32644,urn:phi:dossier:8858ca45-605e-4215-bade-430151c32644,2WSnKVhQcHB7NhBAXLTiJTHz,ok,805-807-5986
Linh Quach,"1560 S 29th Blvd, Cornelius, OR 97113",https://dash.pricehubble.com/pb/7Lk4PoD0RBosJyeOBPyahDGQ,ok,168f0f4e-2419-4c66-b10b-676080cd625b,urn:phi:dossier:168f0f4e-2419-4c66-b10b-676080cd625b,7Lk4PoD0RBosJyeOBPyahDGQ,ok,
Muy Tiang,"3762 SE Mckenzie Ave, Hillsboro, OR 97123",https://dash.pricehubble.com/pb/whsXkk3W7cD5yir9A7K1uOyu,ok,ec913e84-5edc-475e-a003-99bdc9c4d0d3,urn:phi:dossier:ec913e84-5edc-475e-a003-99bdc9c4d0d3,whsXkk3W7cD5yir9A7K1uOyu,ok,971-777-0888
Gina Carter,"18001 NE Davis St, Portland, OR 97230",https://dash.pricehubble.com/pb/G5ZiPf7XwoSqIM7BVNU6bbyo,ok,fc637186-95ee-4f94-836c-b6c8c6aff6d7,urn:phi:dossier:fc637186-95ee-4f94-836c-b6c8c6aff6d7,G5ZiPf7XwoSqIM7BVNU6bbyo,ok,503-869-4724
Cory Lee,"419 NE ROTH ST, PORTLAND, OR 97211",https://dash.pricehubble.com/pb/cbH8UlXK87hcgwbUVmpUWHIQ,ok,c7eef895-a1bc-4d7c-b74f-3bda616219a5,urn:phi:dossier:c7eef895-a1bc-4d7c-b74f-3bda616219a5,cbH8UlXK87hcgwbUVmpUWHIQ,ok,253-326-9184
Oscar Morales,"14455 SW 6th St, Beaverton, OR 97005",https://dash.pricehubble.com/pb/SWKCMzzCHwJHYOjjaxk9ego2,ok,1426eb6b-8731-4ebe-8079-64bc08411431,urn:phi:dossier:1426eb6b-8731-4ebe-8079-64bc08411431,SWKCMzzCHwJHYOjjaxk9ego2,ok,562-745-9842
Crisanta Paulino,"17894 SW George Ct, Aloha, OR 97078",https://dash.pricehubble.com/pb/zmloQuWgrbqE3ymhr62YPCH7,ok,851de677-690f-45c4-ba28-101d4befbf06,urn:phi:dossier:851de677-690f-45c4-ba28-101d4befbf06,zmloQuWgrbqE3ymhr62YPCH7,ok,503-853-0562
Robert Barrett,"4347 SE Oakhurst St, Hillsboro, OR 97123",https://dash.pricehubble.com/pb/JUoUDkUd8GghnyHNnOIXDsri,ok,f19e7ce3-32ae-486c-aae9-1b0ea041d7c8,urn:phi:dossier:f19e7ce3-32ae-486c-aae9-1b0ea041d7c8,JUoUDkUd8GghnyHNnOIXDsri,ok,208-819-0185
Ninad Adi,"6131 NW Sickle Ter, Portland, OR 97229",https://dash.pricehubble.com/pb/cvGHPllda0mt3vObdz5TDVw5,ok,09a5ac63-d67f-4400-a5c4-30c2b269e7b7,urn:phi:dossier:09a5ac63-d67f-4400-a5c4-30c2b269e7b7,cvGHPllda0mt3vObdz5TDVw5,ok,503-750-5390
Tina Pham,"16880 SW Cynthia St, Aloha, OR 97007",https://dash.pricehubble.com/pb/0Owr7Aw089CkQsRmCvqhaBwP,ok,3e88f4a3-39a8-4944-a306-e396cf9a68cc,urn:phi:dossier:3e88f4a3-39a8-4944-a306-e396cf9a68cc,0Owr7Aw089CkQsRmCvqhaBwP,ok,503-442-3889
Keonavy Nguon,"20295 SW Almond St, Beaverton, OR 97006",https://dash.pricehubble.com/pb/xz8L7qYcy5Z2RqynU6SjBnY0,ok,cb81fac9-abd0-4f82-a822-f86fae6058da,urn:phi:dossier:cb81fac9-abd0-4f82-a822-f86fae6058da,xz8L7qYcy5Z2RqynU6SjBnY0,ok,
Camilla Schmitz,"19803 Grassland Ct, Bend, OR 97702",https://dash.pricehubble.com/pb/iN4vOLzW4h6X4qYdyApYdnkr,ok,d4f32de6-5030-493c-bc6d-a9e41cce1f24,urn:phi:dossier:d4f32de6-5030-493c-bc6d-a9e41cce1f24,iN4vOLzW4h6X4qYdyApYdnkr,ok,612-597-7523
Greg DeMaestri,"2834 NE 77th Pl, Portland, OR 97213",https://dash.pricehubble.com/pb/LpdgOBGIIu1CTGIGth3AK56N,ok,192e365b-79ee-43da-b45b-b11a374e8451,urn:phi:dossier:192e365b-79ee-43da-b45b-b11a374e8451,LpdgOBGIIu1CTGIGth3AK56N,ok,503-915-9466
Cassandra Ingram,"687 SE 35th, Hillsboro, OR 97123",https://dash.pricehubble.com/pb/wizfrcIsv0uJZySlALh0M0fG,ok,8279182f-9de9-4ecf-85d5-2d9197c047c2,urn:phi:dossier:8279182f-9de9-4ecf-85d5-2d9197c047c2,wizfrcIsv0uJZySlALh0M0fG,ok,831-512-7199
Aubrie Bradford,"2111 Greene St, West Linn, OR 97068",https://dash.pricehubble.com/pb/WzRnX5FuUftFhUGVJDhfApUI,ok,04fb02d0-a7c7-4a29-ae4c-381d41f29a9c,urn:phi:dossier:04fb02d0-a7c7-4a29-ae4c-381d41f29a9c,WzRnX5FuUftFhUGVJDhfApUI,ok,971-719-3249
Sophanna In,"19695 SW Sharoaks Dr, Beaverton, OR 97003",https://dash.pricehubble.com/pb/BdvX0zHbtHSuGf8TrjZgltvp,ok,146fb672-00a8-4379-b86b-8432d473b9db,urn:phi:dossier:146fb672-00a8-4379-b86b-8432d473b9db,BdvX0zHbtHSuGf8TrjZgltvp,ok,503-473-2514
Mitra Varshosaz,"15797 SW Village Cir, Beaverton, OR 97007",https://dash.pricehubble.com/pb/Nzh1lzcIIY5uzhSDfNKNm3wb,ok,89972b04-939b-486e-af69-1815b3147165,urn:phi:dossier:89972b04-939b-486e-af69-1815b3147165,Nzh1lzcIIY5uzhSDfNKNm3wb,ok,971-777-9390
Elaine Klautzsch,"19639 Hollygrape St, Bend, OR 97702",https://dash.pricehubble.com/pb/JBzxGky47TxAkWDurgklpT4O,ok,f4a22788-cbc8-4d00-a162-20cc9978823a,urn:phi:dossier:f4a22788-cbc8-4d00-a162-20cc9978823a,JBzxGky47TxAkWDurgklpT4O,ok,503-860-6158
Roxana Maipi,"349 N 7th Ave, Cornelius, OR 97113",https://dash.pricehubble.com/pb/3zWs7xHssguRP6c5ZwoYkgju,ok,a1276be0-914d-42fe-850d-bc7b36329099,urn:phi:dossier:a1276be0-914d-42fe-850d-bc7b36329099,3zWs7xHssguRP6c5ZwoYkgju,ok,971-224-9077
Jacquelyn Farnsworth,"17578 SW WAKEM ST, ALOHA, OR 97003",https://dash.pricehubble.com/pb/ht9FcejaNNutNjCPF5vjQNda,ok,e6d596f5-4ff7-4a63-b30a-f506f9cf34c0,urn:phi:dossier:e6d596f5-4ff7-4a63-b30a-f506f9cf34c0,ht9FcejaNNutNjCPF5vjQNda,ok,503-430-0701
Monica Ramirez,"3232 NW 10th St, Redmond, OR 97756",https://dash.pricehubble.com/pb/OICIqWM3CnP3ZBt1CYdUudiV,ok,6e025062-4f18-471e-bd23-7ac0768dfcab,urn:phi:dossier:6e025062-4f18-471e-bd23-7ac0768dfcab,OICIqWM3CnP3ZBt1CYdUudiV,ok,503-505-1048
Mark Joshua Arances,"2620 SW Lenore Dr, Beaverton, OR 97003",https://dash.pricehubble.com/pb/Ckt5tFURamxtjvJmvJVS176w,ok,eb21dfb0-264b-4091-939e-43db4c7dc227,urn:phi:dossier:eb21dfb0-264b-4091-939e-43db4c7dc227,Ckt5tFURamxtjvJmvJVS176w,ok,201-892-7392
Greta Rose Zagarino,"15012 La Vale Rd, Monkton, MD 21111",https://dash.pricehubble.com/pb/CMH0kADWqsa9BDe1FF2qFOKu,ok,302af167-f162-4f5b-a23d-880df17a2b62,urn:phi:dossier:302af167-f162-4f5b-a23d-880df17a2b62,CMH0kADWqsa9BDe1FF2qFOKu,ok,541-490-1984
Bobbi Wright,"3812 R St, Vancouver, WA 98663",https://dash.pricehubble.com/pb/SJ0956k4dbVHiOdyMHz0ANL3,ok,5ada5958-9434-451d-89a3-43a785147dc4,urn:phi:dossier:5ada5958-9434-451d-89a3-43a785147dc4,SJ0956k4dbVHiOdyMHz0ANL3,ok,
Ray Paulino,"1945 SW 216th, Beaverton, OR 97006",https://dash.pricehubble.com/pb/CWTEjEw9Ku9xCnRNUdmvOPQ9,ok,a23c4b02-a18c-422e-ad7a-54be8269e9f2,urn:phi:dossier:a23c4b02-a18c-422e-ad7a-54be8269e9f2,CWTEjEw9Ku9xCnRNUdmvOPQ9,ok,503-841-3405
Weiyi Tang,"9408 NE 27th Ave, Vancouver, WA 98665",https://dash.pricehubble.com/pb/KzpyCayRUCTNnNHfxII4qgtq,ok,5cd7d99b-54f1-45b5-89f3-c0a53463c5f3,urn:phi:dossier:5cd7d99b-54f1-45b5-89f3-c0a53463c5f3,KzpyCayRUCTNnNHfxII4qgtq,ok,360-314-7782
Adolfo Martinez Rodriguez,"310 NW 338th Ave, Hillsboro, OR 97124",https://dash.pricehubble.com/pb/EPQILAkmRB5yj4obkdTCcmoL,ok,f71e1d0f-d297-4602-b246-855eb9129b9f,urn:phi:dossier:f71e1d0f-d297-4602-b246-855eb9129b9f,EPQILAkmRB5yj4obkdTCcmoL,ok,
Kelly Cook,"1324 George Tweed Blvd, Grants Pass, OR 97527",,error,,,,missing_url_or_slug,916-223-2516
Jenny Tep,"20070 SW Cascadia St, Beaverton, OR 97078",https://dash.pricehubble.com/pb/PuAprnSv2M2my7MPndHjikdJ,ok,cacbdb44-c44d-4809-9312-130fd333a1b6,urn:phi:dossier:cacbdb44-c44d-4809-9312-130fd333a1b6,PuAprnSv2M2my7MPndHjikdJ,ok,503-260-2505
Elizabeth Vasquez-Diaz,"2213 N Fremont Street, Cornelius, OR 97113",https://dash.pricehubble.com/pb/yDWWreh6us5aWPeKG8vbPmor,ok,c35a7f35-146b-4584-8a47-5dc3ec5b7a28,urn:phi:dossier:c35a7f35-146b-4584-8a47-5dc3ec5b7a28,yDWWreh6us5aWPeKG8vbPmor,ok,503-841-9606
Matthew Gustafson,"9913 NE Sandpiper Cir, Vancouver, WA 98664",https://dash.pricehubble.com/pb/PaT8ElMB062KfCAoVl3esSND,ok,513bc964-2423-4758-b7d5-34be9a0b837f,urn:phi:dossier:513bc964-2423-4758-b7d5-34be9a0b837f,PaT8ElMB062KfCAoVl3esSND,ok,503-914-7676
Connie Preston,"21581 SW Frammy Way, Beaverton, OR 97003",https://dash.pricehubble.com/pb/yoTXO9BgtGVPJ9Fxkg0D8wIO,ok,b9a62971-fcbd-4900-96a4-994649a7ff16,urn:phi:dossier:b9a62971-fcbd-4900-96a4-994649a7ff16,yoTXO9BgtGVPJ9Fxkg0D8wIO,ok,559-917-1805
Davi Van Winkle,"14671 Upper Cow Creek Rd, Azalea, OR 97410",https://dash.pricehubble.com/pb/rWTGHJbNbFZQWUOrKqwIEkOG,ok,7fa2c0bd-9e91-4ae3-9143-24bbb61c3753,urn:phi:dossier:7fa2c0bd-9e91-4ae3-9143-24bbb61c3753,rWTGHJbNbFZQWUOrKqwIEkOG,ok,509-615-9040
Curtis Colozzi,"1756 NW 9th Ave, Hillsboro, OR 97124",https://dash.pricehubble.com/pb/Sc0t6lB8j0Z0cXN5JrpUI0xX,ok,b23b655b-1a62-4502-a317-6b5c11f3d0dc,urn:phi:dossier:b23b655b-1a62-4502-a317-6b5c11f3d0dc,Sc0t6lB8j0Z0cXN5JrpUI0xX,ok,208-861-9825
Cheyenne Gabriel,"4308 NE 55th Pl, Vancouver, WA 98661",https://dash.pricehubble.com/pb/tG0CtEBR2tXtXQxgFkQHq6qY,ok,abf44466-9cae-481d-8dae-8727eae93b2b,urn:phi:dossier:abf44466-9cae-481d-8dae-8727eae93b2b,tG0CtEBR2tXtXQxgFkQHq6qY,ok,
Christopher Laflin,"4224 SE 63rd Ave, Portland, OR 97206",https://dash.pricehubble.com/pb/7N1Sd64IfeoWdLrVqU4WaJkP,ok,8cba838b-fd4c-4be3-9475-390c6b9f3345,urn:phi:dossier:8cba838b-fd4c-4be3-9475-390c6b9f3345,7N1Sd64IfeoWdLrVqU4WaJkP,ok,608-207-0298
Chung Han,"65 NE Lombard St, Portland, OR 97211",https://dash.pricehubble.com/pb/IsGs1GlpXaVKo4cVbEzQ4Hh3,ok,be80c32a-19fa-4d79-ad73-89f4692bde70,urn:phi:dossier:be80c32a-19fa-4d79-ad73-89f4692bde70,IsGs1GlpXaVKo4cVbEzQ4Hh3,ok,503-504-4422
Zachary Williams,"8414 NE 299th St, Battle Ground, WA 98604",https://dash.pricehubble.com/pb/GHBw7k8YIsL6KMD6B3lkr1f6,ok,7c26a1fd-0345-4664-a878-cabc2e62157d,urn:phi:dossier:7c26a1fd-0345-4664-a878-cabc2e62157d,GHBw7k8YIsL6KMD6B3lkr1f6,ok,
Jerome Sibug,"17959 Sw Camas St, Beaverton, OR 97003",https://dash.pricehubble.com/pb/3EVCQDVwtFlg18wrEP6s800g,ok,c7f727bd-b14b-4fc4-99fe-1891dac0483d,urn:phi:dossier:c7f727bd-b14b-4fc4-99fe-1891dac0483d,3EVCQDVwtFlg18wrEP6s800g,ok,971-222-8965
Javan Conner,"244 N 19th St, Philomath, OR 97370-9298",https://dash.pricehubble.com/pb/EVPExVKeiuSAmI1TbK6A0U3L,ok,42fb13e0-0f77-4495-8c5d-68f6f5fe021b,urn:phi:dossier:42fb13e0-0f77-4495-8c5d-68f6f5fe021b,EVPExVKeiuSAmI1TbK6A0U3L,ok,541-609-8726
Andrew White,"610 E Sheridan St, Newberg, OR 97132",https://dash.pricehubble.com/pb/u20VVxzXNTYk8wjbKgA399sO,ok,a59f232e-2c1a-4824-954c-3b19bdeccbb6,urn:phi:dossier:a59f232e-2c1a-4824-954c-3b19bdeccbb6,u20VVxzXNTYk8wjbKgA399sO,ok,971-241-1977
John Ceballos,"294 NW Blair St, Sheridan, OR 97378",https://dash.pricehubble.com/pb/XZAlLcAhol21z3icWtVwu3a2,ok,619fb570-4e56-48dc-a0b1-20a9a700702d,urn:phi:dossier:619fb570-4e56-48dc-a0b1-20a9a700702d,XZAlLcAhol21z3icWtVwu3a2,ok,971-724-0320
Deborah McCabe,"1387 NE Indian Trail, Lincoln City, OR 97367",https://dash.pricehubble.com/pb/9Ra9yiznaBBEQ77rwRzFGR8R,ok,a480e698-6ece-4d34-a617-c1d4da9bff8d,urn:phi:dossier:a480e698-6ece-4d34-a617-c1d4da9bff8d,9Ra9yiznaBBEQ77rwRzFGR8R,ok,541-992-3211
Matthew Gustafson,"9913 NE Sandpiper Cir, Vancouver, WA 98664-2952",https://dash.pricehubble.com/pb/eGQgd5WGLXBgdxxwgLQssjDs,ok,03bc3c4a-ffa1-4535-a549-ae9eeb205ad3,urn:phi:dossier:03bc3c4a-ffa1-4535-a549-ae9eeb205ad3,eGQgd5WGLXBgdxxwgLQssjDs,ok,503-914-7676
Matthew Gustafson,"410 E Mission Dr, Newberg, OR 97132",https://dash.pricehubble.com/pb/0x5PN4iNnNJVkngFKnuEKF2g,ok,db2900ed-bc05-4b32-b984-dab45cd6ce37,urn:phi:dossier:db2900ed-bc05-4b32-b984-dab45cd6ce37,0x5PN4iNnNJVkngFKnuEKF2g,ok,503-914-7676
Rebecca Hozen,"965 Glen Cove Ave, Scotts Mills, OR 97375",https://dash.pricehubble.com/pb/JVpo7xS9KSM15CVmqEfbp8Eo,ok,e7ca7e21-eb46-4783-a565-9e3a0cc681ec,urn:phi:dossier:e7ca7e21-eb46-4783-a565-9e3a0cc681ec,JVpo7xS9KSM15CVmqEfbp8Eo,ok,562-544-7824
Maria Sar,"7893 SW Bay Berry Dr, Beaverton, OR 97078",https://dash.pricehubble.com/pb/FlhlBzEl15UK7rdNJUMT4YwS,ok,fbb181c3-39af-413e-a35a-956f7218c108,urn:phi:dossier:fbb181c3-39af-413e-a35a-956f7218c108,FlhlBzEl15UK7rdNJUMT4YwS,ok,503-853-6778
Taylor Wells,"32875 NW Bella Vista Dr., Scappoose, OR 97056",https://dash.pricehubble.com/pb/29YgbuEsHJdaWEiBcnHxQcpX,ok,9fa23715-661c-49a2-9d7e-32750dceb7c9,urn:phi:dossier:9fa23715-661c-49a2-9d7e-32750dceb7c9,29YgbuEsHJdaWEiBcnHxQcpX,ok,360-213-5746
Sameer Saurabh Singh,"5605 SE Logan Ln, Hillsboro, OR 97123",https://dash.pricehubble.com/pb/1Wm1gGIxhSnnYkToOPjnaFhP,ok,e242d5d4-2c22-4dad-87dd-42358cdb5cdb,urn:phi:dossier:e242d5d4-2c22-4dad-87dd-42358cdb5cdb,1Wm1gGIxhSnnYkToOPjnaFhP,ok,919-786-3610
Vincent Butler,"8012 SW Carol Ann Ct, Tigard, OR 97224",https://dash.pricehubble.com/pb/POQJ6vnJCaxnX2edRhWIzymc,ok,7014eba1-4c96-4681-b386-9c1ea2dc11d2,urn:phi:dossier:7014eba1-4c96-4681-b386-9c1ea2dc11d2,POQJ6vnJCaxnX2edRhWIzymc,ok,562-360-9006
Thanh Chi To,"19735 SW Sandra Ln, Beaverton, OR 97003",https://dash.pricehubble.com/pb/y2wJvPT9va7QNTJ8suW9SOK5,ok,380c27d3-955a-43ce-a20b-21c06c09eb9d,urn:phi:dossier:380c27d3-955a-43ce-a20b-21c06c09eb9d,y2wJvPT9va7QNTJ8suW9SOK5,ok,408-916-6614
Brenton Breed,"2813 NE Red Oak Dr, Bend, OR 97701",https://dash.pricehubble.com/pb/NEK1rJHstHgijIJM49t2SywJ,ok,875726c5-50f5-4b7e-a49b-6825a3deb8c5,urn:phi:dossier:875726c5-50f5-4b7e-a49b-6825a3deb8c5,NEK1rJHstHgijIJM49t2SywJ,ok,503-931-5384
Stephanie Martens,"2847 NW 9TH PL, Redmond, OR 97756",https://dash.pricehubble.com/pb/9wNdIDsgbRAdnHV1Ki1GN4wz,ok,95ace601-e9a4-49ae-b44c-b46f7e6268f2,urn:phi:dossier:95ace601-e9a4-49ae-b44c-b46f7e6268f2,9wNdIDsgbRAdnHV1Ki1GN4wz,ok,503-984-2062
Jeffrey Little,"1686 SE Dowery Ln, Hillsboro, OR 97123-5088",https://dash.pricehubble.com/pb/wtRG3d1gOdXPcyly3EivTDn2,ok,ab53f5e0-3839-473d-8d48-1a80e510dafa,urn:phi:dossier:ab53f5e0-3839-473d-8d48-1a80e510dafa,wtRG3d1gOdXPcyly3EivTDn2,ok,
Chhoeuy Chhaysy,"2257 N Holladay St, Cornelius, OR 97113",https://dash.pricehubble.com/pb/1DyNkxXmVDcshuPaOc9ew6uk,ok,18f1ae5f-4a9d-4b76-9098-833fd8d05f3b,urn:phi:dossier:18f1ae5f-4a9d-4b76-9098-833fd8d05f3b,1DyNkxXmVDcshuPaOc9ew6uk,ok,503-568-9242
Abigael Barr,"3427 NW 9th St, Redmond, OR 97756",https://dash.pricehubble.com/pb/6ecSdJaqFmLYrEaHJQHdIErD,ok,8dc78a31-1e87-4cc7-bd24-3bdae86cf290,urn:phi:dossier:8dc78a31-1e87-4cc7-bd24-3bdae86cf290,6ecSdJaqFmLYrEaHJQHdIErD,ok,971-218-2457
Bianita Aquino,"3193 S Jasper Dr, Cornelius, OR 97113",https://dash.pricehubble.com/pb/P7fwR4DcsZM3plB3TCOMXTg8,ok,91eb1519-03ae-4990-8356-2ee930205104,urn:phi:dossier:91eb1519-03ae-4990-8356-2ee930205104,P7fwR4DcsZM3plB3TCOMXTg8,ok,503-997-3816
Nhi Hinh,"8925 SW 157th Ave, Beaverton, OR 97007",https://dash.pricehubble.com/pb/J8IWP552p5PxRi8LmojRPNfx,ok,52761623-4ce6-4135-a57f-229c65d46fcc,urn:phi:dossier:52761623-4ce6-4135-a57f-229c65d46fcc,J8IWP552p5PxRi8LmojRPNfx,ok,503-442-0377
Lisbeth Kobs,"13225 SE Alder St, Portland, OR 97233",https://dash.pricehubble.com/pb/T9Bz4QiI91iuM0RFGKqc92Zp,ok,02bbd63f-ae88-4436-bdd9-670a4d7614b2,urn:phi:dossier:02bbd63f-ae88-4436-bdd9-670a4d7614b2,T9Bz4QiI91iuM0RFGKqc92Zp,ok,971-285-1007
Lisbeth Kobs,"19240 Abernethy Ln, Gladstone, OR 97027",https://dash.pricehubble.com/pb/HKNnTFXVavgThuObp6vDwBzz,ok,fcee321e-6405-428e-a121-ecafba2e22e2,urn:phi:dossier:fcee321e-6405-428e-a121-ecafba2e22e2,HKNnTFXVavgThuObp6vDwBzz,ok,971-285-1007
Marlo Cochran,"78771 Quincy Mayger Rd, Clatskanie, OR 97016",https://dash.pricehubble.com/pb/CVmRqv8G8CraXSoHiuhyOUJu,ok,837ec02d-1e0a-4fc8-b8c8-6583bafb5574,urn:phi:dossier:837ec02d-1e0a-4fc8-b8c8-6583bafb5574,CVmRqv8G8CraXSoHiuhyOUJu,ok,208-409-6484
Imelda Justimbaste,"17437 SW Hurrell Lane, Beaverton, OR 97006",https://dash.pricehubble.com/pb/yBBRVDdMx8yX8CDXgkeQ69qX,ok,b8162eab-3120-43bc-9db3-6d39c0adc437,urn:phi:dossier:b8162eab-3120-43bc-9db3-6d39c0adc437,yBBRVDdMx8yX8CDXgkeQ69qX,ok,971-300-9283
Hillary Smith,"352 SW Antler Ridge Court, Redmond, OR 97756",https://dash.pricehubble.com/pb/4JimoVB15g4KFmZ5OJNE4u7W,ok,efbdbf19-2c9d-4f02-aa31-9bb3150a9450,urn:phi:dossier:efbdbf19-2c9d-4f02-aa31-9bb3150a9450,4JimoVB15g4KFmZ5OJNE4u7W,ok,503-440-6143
Alina Agner,"2334 S Brookside Pl, Ridgefield, WA 98642",https://dash.pricehubble.com/pb/wBKiQnYwu0MbaDV63qA2zrAV,ok,5c0d0127-53a0-481f-bebc-42d507fd105a,urn:phi:dossier:5c0d0127-53a0-481f-bebc-42d507fd105a,wBKiQnYwu0MbaDV63qA2zrAV,ok,206-310-5546
Minh-Thy Ha,"4975 SW 139th Ave, Beaverton, OR 97005",https://dash.pricehubble.com/pb/x1cznEZ2rzR44OZtgMm99BVb,ok,a7a8da9e-b272-4016-8778-ec1a0a3c4e26,urn:phi:dossier:a7a8da9e-b272-4016-8778-ec1a0a3c4e26,x1cznEZ2rzR44OZtgMm99BVb,ok,925-640-5430
Brad Caldwell,"13605 SE Edgefield Ln, Boring, OR 97009-7187",https://dash.pricehubble.com/pb/wbBFTWtZU0PyGW4yn8gSjdz8,ok,e22c0f45-94fd-4cd8-943c-478baca735b5,urn:phi:dossier:e22c0f45-94fd-4cd8-943c-478baca735b5,wbBFTWtZU0PyGW4yn8gSjdz8,ok,503-819-3496
Gerald Suits,"2810 SW 32nd St, Redmond, OR 97756",https://dash.pricehubble.com/pb/iLAQsTNiPIAPsjcPcbPVTk2a,ok,992074b1-33c4-4da9-82e2-25afcfde0525,urn:phi:dossier:992074b1-33c4-4da9-82e2-25afcfde0525,iLAQsTNiPIAPsjcPcbPVTk2a,ok,303-590-8854
Rose Cristy Lyne Pacleb,"2097 S Jasper Dr, Cornelius, OR 97113",https://dash.pricehubble.com/pb/5870BLVe80P6kWJQqMW3O6eX,ok,7bb252da-8f29-425a-a498-9684b7edc722,urn:phi:dossier:7bb252da-8f29-425a-a498-9684b7edc722,5870BLVe80P6kWJQqMW3O6eX,ok,503-997-3761
Venkatesh Rajamanickam,"7616 NE Andover St, Hillsboro, OR 97124",https://dash.pricehubble.com/pb/RuI53dDRilkKTpp3jH6VYwzL,ok,1a4b26ce-4be6-4dea-bc5f-6cf0bf9f426e,urn:phi:dossier:1a4b26ce-4be6-4dea-bc5f-6cf0bf9f426e,RuI53dDRilkKTpp3jH6VYwzL,ok,915-667-1640
Jolie Richards,"135 Wander Way SE, Salem, OR 97301",https://dash.pricehubble.com/pb/xuRePT02n7BCL43mjvblFqkM,ok,7efa115b-d5f4-469c-97a6-f13d77ba994f,urn:phi:dossier:7efa115b-d5f4-469c-97a6-f13d77ba994f,xuRePT02n7BCL43mjvblFqkM,ok,971-241-2508
Daniel Odegaard,"63090 Riverstone Dr, Bend, OR 97703",https://dash.pricehubble.com/pb/ZJKTeC4rx5ITRjLbiRv5gMNS,ok,44100c58-ff52-4b93-952a-7272fc4598ff,urn:phi:dossier:44100c58-ff52-4b93-952a-7272fc4598ff,ZJKTeC4rx5ITRjLbiRv5gMNS,ok,541-579-0356
MINHUJ FATIMA,"20650 NW Painted Mountain Drive, Beaverton, OR 97006",https://dash.pricehubble.com/pb/QazX5bxbZ46MYz642OkIoWAw,ok,3bc6c68b-9f5b-497d-8d2c-6bfeb2fe975f,urn:phi:dossier:3bc6c68b-9f5b-497d-8d2c-6bfeb2fe975f,QazX5bxbZ46MYz642OkIoWAw,ok,919-633-4512
Tamara Boyles,"431 15th Ave, Longview, WA 98632",https://dash.pricehubble.com/pb/Rh8M50rYePW2JjEpSf2vua0a,ok,f250b910-aaec-4162-be78-0119ab2f5924,urn:phi:dossier:f250b910-aaec-4162-be78-0119ab2f5924,Rh8M50rYePW2JjEpSf2vua0a,ok,775-721-5725
