Contact Name,phone,email,Subject Property Address,Subject Property City,Subject Property Zipcode,Subject Property State,
Sean Elias,17183000174,elias.sean@gmail.com,3610 North Arlington Place,Portland,97217-7210,OR,
James Dulong,15038875665,sophiahargett@gmail.com,22575 SE Naomi Dr,Damascus,97089,OR,
Kimberly Fleck,15037988042,kimberlyfleckkf@gmail.com,1644 37th Ave,Forest Grove,97116,OR,
Paul Frazier,15037037710,paulfrazier@gmail.com,3703 NE 22nd Ave,Portland,97217,OR,
Jonathan Beck,15033326059,ss44ujz@gmail.com,2500 SW 211th Ct,Beaverton,97003,OR,
Harsh Garg,19717083643,harshgiitk@gmail.com,4073 SE Reed Dr.,Hillsboro,97123,OR,
Mitchell Courtney,15033517954,sparky_mdc@yahoo.com,1432 SE LINDEN CT,Gresham,97080-9356,OR,
Lucian Giloan,15039703153,lucian_g82@yahoo.com,13180 SW Combine Ct.,Beaverton,97008,OR,
Samuel Burton,15418054345,samuelhburton@gmail.com,5835 SW Main Ave,Beaverton,97005,OR,
Andrew Hansen,19516562328,andrewh@beaverton.cc,5475 SW Menlo Dr,Beaverton,97005,OR,
Bryan Baird,15038300966,bryan.baird@ymail.com,9934 N Willamette Blvd,Portland,97203,OR,
Alison Burris,15038634964,Alison.burris@lamresearch.com,21343 SW Yorkshire Way,Sherwood,97140,OR,
Vincent Gordy,15038587018,gordyboy12@gmail.com,235 Gentle Ave E,Monmouth,97361,OR,
Sean Giles,19714001169,brittany.giles@live.com,2620 NE Katie Dr,Hillsboro,97124,OR,
Amy Crawford,15039295682,amybgcrawford@gmail.com,2764 NE 51st Ave,Portland,97213,OR,
Meredith Barnes,15033327471,jbarnes@hillsborogarbage.com,31565 SW Riedweg Rd,Cornelius,97113,OR,
Ryan DeJong,15034396266,dejongkj@msn.com,16769 NW Countryridge Dr,Portland,97229,OR,
Kevin Corno,15037094742,kevin.corno@eoff.com,11049 SW Legacy Oak Way,Tigard,97223,OR,
Justin Best,13605667997,justin@mjbest.com,12905 SE Salmon St,Portland,97233,OR,
Cherie Gilbert,,george.gilbert@nike.com,7890 SW 186th Ave,Beaverton,97007-5686,OR,
Timothy Bradlee,15033336964,,10610 NW Brooks Rd,Portland,97231-2506,OR,
Jason Bouslaugh,15037243421,bouslaughjason29@gmail.com,1009 2nd AVE,Vernonia,97064,OR,
Nicolas Flinner,18328133356,nicflinner@gmail.com,10112 NW Thompson Rd,Portland,97229,OR,
Lonnie Yandell,15037811945,yandell128@comcast.net,10120 SW Kent Place,Tigard,97224,OR,
Kyle Hayes,15033499789,kyle@hayesteam.com,3028 NW Lee Ave,King City,97224,OR,
Kyle Hayes,15033499789,michelle@hayesteam.com,10252 SW Picks Ct,Tigard,97224,OR,
Randall Brown,19715704065,7rbrown7@gmail.com,10425 NE 44th St,Vancouver,98682,WA,
James Borg,18584422568,jkatz42@outlook.com,10472 SW Denmark St,Wilsonville,97070,OR,
Aditya Swarup,19513290679,swarup.aditya23@gmail.com,10474 NE Park Ridge Way,Hillsboro,97006,OR,
Brian Jacobson,15035723658,bjacobson@lcios.com,1064 NE Lilac Ct,Hillsboro,97124,OR,
JAYNE GILES,15039648641,jaynegiles01@gmail.com,1080 Nichols Ln,Forest Grove,97116,OR,
James O'Brien,14087591296,jobrien1296@gmail.com,10835 SW 130th Ave,TIGARD,97223,OR,
Robert Stackhouse,19712074578,rob.stackhouse@gmail.com,10873 SW Nutcracker Court,Beaverton,97007,OR,
Rahuldeva Ghosh,15036174619,rdghosh@gmail.com,10943 NW Crystal Creek Ln,Portland,97229,OR,
Derik Hanson,13607472353,derikhanson@live.com,1110 NE 5th St. #57,Gresham,97030,OR,
Clayton Beach,15034237854,turekv@ohsu.edu,11125 SE Cherry Blossom Drive,Portland,97216,OR,
Bijoli Biswas,15034139087,bijolibiswas@comcast.net,11130 SW Tony Ct,Tigard,97223,OR,
Bijoli Biswas,15034139087,bijoli_biswas@beaverton.k12.or.us,11130 SW Tony Ct,Tigard,97223,OR,
Manuel Aguilar Meza,14086913036,manuelag77777@gmail.com,1124 Saratoga St,Los Banos,93635,CA,
Renee WIlliams,15034229938,rwilly@prodigy.net,113 Deerbrook Dr,Oregon City,97045,OR,
Jeffrey Sommers,15038878295,jeff@esppainting.com,11310 SW Fairfield St,Beaverton,97005,OR,
Michael VanderPloeg,15034776230,mike.vanderploeg@gmail.com,11444 NW Laidlaw Rd,Portland,97229,OR,
Arthur Fowler,15033140692,arthurbfowler5@gmail.com,1158 SE Highfield Ave,Hillsboro,97123,OR,
Steven Schreiner,15033413865,steveschreiner@msn.com,1165 SW 160th Ave,Beaverton,97006,OR,
Jessica Fawley,19704205745,fawley.jessica@gmail.com,11824 SE Liebe St,Portland,97266,OR,
Laura Hastrich,15037537266,hastrichlaa@gmail.com,11868 Cornerstone Pl,Oregon City,97045,OR,
Brett Coe,15037193769,bcoe7@msn.com,11965 SE Sovereign Dr,Happy Valley,97086,OR,
Marjorie Nwokoma,15034846759,mv.nwokoma@comcast.net,12042 SW Conestoga Dr,Beaverton,97008,OR,
Karina Hershberg-Mershon,15037090579,karina.hershberg@gmail.com,12055 SW Foothill Dr.,Portland,97225,OR,
Julie Weigle,14254669230,weigle.tax@gmail.com,121 140TH PL NE # 132K,Bellevue,98007-6939,WA,
Ryan Thoma,15038960896,ryanthoma24@gmail.com,12170 SW Bruce Ln,Beaverton,97008,OR,
Carl Byerley,14062397364,ctommyb1@hotmail.com,12185 SE 222nd Dr,Damascus,97089,OR,
Leticia Rodriguez Gama,17603329318,gama.leticia91@gmail.com,12191 Cuyamaca College Dr Condo 205,El Cajon,92019,CA,
Ross Bartlett,15033966144,rosshbartlett@gmail.com,12209 Mimosa Way,Oregon City,97045,OR,
Scott Zommers,15038042073,zommers3114@outlook.com,12322 SW Autumn View Street,Tigard,97224,OR,
Raymond Garcia,15035164629,raymangarcia24@gmail.com,12400 NW Steelhead Falls Drive,Terrebonne,97760,OR,
Barbara Heald,15415805744,heald4@msn.com,"15135 SW 116th Ave., #5",Aloha,97007-4783,OR,
Brian Stone,15037816858,brian@stoneformation.com,12551 SW Morning Hill Dr,Tigard,97223,OR,
Shelley Fenton,19712270651,fentongrp@hotmail.com,12669 SE Meadehill Ave,Happy Valley,97086,OR,
Megan Miller,17035477088,danmiller55@gmail.com,12767 SW Sorrel Dock Ct,Tigard,97223,OR,
Jason Rogers,15039563992,skip711@hotmail.com,12805 SW Washington Ave,Beaverton,97005,OR,
Margaret Hamilton,13608520956,sevrin@theelishafoundation.org,12840 SE MORRISON ST,PORTLAND,97233,OR,
Paige Melzer,15419804729,pamelzer@gmail.com,12882 NW Clement Ln,Portland,97229,OR,
Viji Ramadoss,15033308454,viji.vaithi@gmail.com,12942 NW Greenwood Dr,Portland,97229,OR,
Kaylee Rice,15039567642,kaylee_rice@yahoo.com,12955 SE 156th Ave,Happy Valley,97086,OR,
Ginger Gustafson,13609313399,k.a.gustafson@comcast.net,13008 NE 5th Ave,Vancouver,98685,WA,
Deborah Cha,19712957017,chadebo@gmail.com,1315 Yosemite cir,Oakley,94561,CA,
Marc Backstrom,15035236201,pdxviking59@gmail.com,13175 SW Combine Court,Beaverton,97008,OR,
Roel Hernandez,15034371113,roel0455@yahoo.com,1322 SW Ponderosa Dr,Willamina,97396,OR,
Juli Gun,15033544178,brokerjuligun@gmail.com,13401 NW Rock Creek Rd,Portland,97231,OR,
Elizabeth Kirchner,14252758011,claus.kirchner@hotmail.com,136 Kingsgate Rd,Lake Oswego,97035,OR,
Ann Lish,18015642083,quinnlish1@gmail.com,27813 SW Painter Dr.,Wilsonville,97070,OR,
Christopher Confer,15032928125,Chrisconfer1456@gmail.com,14034 SE Market St,Portland,97233,OR,
Elena Willis,13604343205,eladewillis@gmail.com,4075 N Vancouver Ave,Portland,97227,OR,
Alina Agner,12063105546,alina.agner@gmail.com,1402 SW 5th Street,Battle Ground,98604,WA,
Blanca Ramirez,15099359633,chefmramirez@gmail.com,1418 S 10th Ter,Cornelius,97113,OR,
Arul Azhakan Manickam,19713719168,arul.manickam27@gmail.com,14191 NW Greenwood Dr,Portland,97229,OR,
Sean Pomerleau,15038079398,marylarson03@yahoo.com,14510 SW Chardonnay Ave,Tigard,97224,OR,
Kelly Hooker Jackson,15039139306,kh_jackson@yahoo.com,7522 SW 33RD AVE,PORTLAND,97219-1859,OR,
Brian Beckstead,19162138967,beckstead_brian@yahoo.com,14816 NE 23rd Ave,Vancouver,98686,WA,
Robert Waters,15037019887,rwaters97080@gmail.com,1482 SW Binford Lake Pkwy,Gresham,97080,OR,
Suman Ganga,14049442021,suman_ganga@hotmail.com,14887 NW Highcroft Ct,Portland,97229,OR,
Avinash Jagadeesha,15039359361,avinash.jagadeesha@gmail.com,14961 NW Orchid St,Portland,97229,OR,
Ulla Drell,15037204635,johndrell@comcast.net,15000 Farmington Rd. #8,Beaverton,97007,OR,
Michael Bach,13605764941,michael.bach@pepsico.com,15101 NE 22nd Ave,Vancouver,98686,WA,
Andre To,15038883641,andrehoato@gmail.com,15102 SE Natalya St,Happy Valley,97086,OR,
Sravani Gomatam,19725335446,sravanigomatam@gmail.com,15218 NW Olive St,Portland,97229,OR,
Ryan Mattson,13606722603,inherheart13@gmail.com,1528 Maple St,Everett,98201-2130,WA,
Ashley Mattson,13606722437,anikkols@gmail.com,1528 Maple St,Everett,98201,WA,
Caryl Husk,15037845236,cmhusk63@comcast.net,1533 NE 64TH Ave,Hillsboro,97124-5100,OR,
Todd Chase,15033494981,willow1020@gmail.com,1551 Heather Ln,Vernonia,97064,OR,
Chad Vargas,15037105623,chad@newgenvs.com,15836 SW Willow Dr,Sherwood,97140,OR,
Ananthan Ayyasamay,15037700740,ananthan.ayyasamy@gmail.com,945 NW JOY AVE,Portland,97229,OR,
Shelby Behnke,18033415103,shelby.behnke@gmail.com,1635 NE Glen Ellen Dr,Hillsboro,97124,OR,
Leah Orloff,15039491679,birdseye535@gmail.com,16587 Luray Ave NE,Silverton,97381,OR,
Marshall Mack,15038417072,mmack@nwisinc.com,1660 N Mist Dr,Vernonia,97064-9720,OR,
Neha Agarwal,15038418507,nehavrce@gmail.com,16744 NW Countryridge Dr,Portland,97229,OR,
Angela Johnson,13608467108,sickgirl1975@hotmail.com,168 W Beacon Hill Dr,Longview,98632,WA,
Zoe Rasmussen,15039978309,zjdrasmussen@gmail.com,1687 SE Linn St Unit #10,Portland,97202,OR,
Kiran Bonam,15713154184,kiranbonam1@gmail.com,17000 SE Hemrich Rd,Happy Valley,97086,OR,
Milky Kohno,17143489720,milkyk@gmail.com,1713 and 1715  E 35TH ST,Vancouver,98663,WA,
Brendon Haggerty,12063540107,mmwillia@gmail.com,1720 SE 36TH AVE,PORTLAND,97214,OR,
Ronald Jermann,19712356809,ronj@a-cvalve.com,17279 Noakes Rd,Vernonia,97064,OR,
Jasmine Popov,15034130663,dimitre7@gmail.com,17415 SW SABRINA AVE,Beaverton,97007,OR,
Chiradeep Krishnakumar,19712695950,chiradeep27@gmail.com,17468 NW Woodrush Way,Portland,97229,OR,
Sonja Grabel,15043016913,adam.grabel@optionsrm.com,17740 SW Beaver Ct,Beaverton,97003-8103,OR,
Mary Nielsen,15036868016,mary.leora.nielsen@gmail.com,1780 Highlight Court S,Salem,97302,OR,
Kimberly DeJong,15032091781,kimberlydejongkjd@gmail.com,17880 NW ELK MEADOW LN,PORTLAND,97229-2149,OR,
Bane Lish,15033205428,bane_lish@hotmail.com,17945 NW Deerfield Dr,Portland,97229,OR,
Rafael Duran,15038998522,duran_ralph@yahoo.com,1804 N College St,Newberg,97132,OR,
Jesse Silva,15414908398,jessgt32000@yahoo.com,18109 Deloris Ave,Sandy,97055,OR,
Hannah Krabbe,15037290297,hannah.krabbe@gmail.com,18127 SW Blanton St,Aloha,97078,OR,
Deborah Crompton,12068522124,pncrompton@gmail.com,1826 Cedarcrest Ave,Coupeville,98239,WA,
Jose Rodriguez Antonetty,13123167675,joserodriguez4210@aol.com,1850 Hartford Dr,Forest Grove,97116,OR,
Zackary Thompson,15037990560,zthompson04@yahoo.com,1871 S 234th Ln,Beaverton,97007,OR,
John Grothe,15412977850,john.grothe@gmail.com,1890 13th St,West Linn,97068-4411,OR,
Ashwin Murali Iyengar,17209176715,ashwin.iyengar92@gmail.com,18902 20TH AVE SE,BOTHELL,98012,WA,
Charittie Hayes,19712756700,shannon.hayes@brooks.com,19020 Woods Road,Vernonia,97064,OR,
Bryan Lynch,19713410503,mlynch052798@gmail.com,19315 MAHOGANY DR,Oregon City,97045-5907,OR,
Mary Lynch,18317765760,airshark@gmail.com,19315 Mahogany DR,Oregon City,97045,OR,
Sarah Geary,14158521961,sarahkgeary@icloud.com,19581 Hummingbird Loop,Oregon City,97045,OR,
Derek McGraw,15419512692,dmcgraw@parallels.com,2451 Quail Run Dr,Auburn,98092-8389,WA,
Benjamin Weinberg,15037999965,ben_jah@comcast.net,20535 SW Jaylee St,Beaverton,97078,OR,
Lucas Stone,15039704448,lucasmstone@gmail.com,20565 SW Florence St,Beaverton,97078,OR,
Earleen Cohn,15037580143,earleencohn4200@gmail.com,20753 SW Eggert Way,Beaverton,97078,OR,
Barbara Radimak,12535089017,bradimak@gmail.com,20829 SE 281st St,Kent,98042,WA,
Karen Reynolds,15036818483,bigtronboy@frontier.com,2115 NW Thatcher Rd,Forest Grove,97116,OR,
Marla Steeley,15416080865,bluestar1185@bendbroadband.com,21356 NE Eagles Way,Bend,97701,OR,
Carly Luzader,15034327257,carlyluzader@gmail.com,21390 SW Eagle Point Rd,Mcminnville,97128,OR,
Leonel Hernandez,19715065681,leo@olsonandjones.com,21605 NE 22nd Ave,Ridgefield,98642-4437,WA,
Tristan Shores,19712139137,tris@gossamr.net,2185 NW Sheffield,Hillsboro,97006,OR,
Daniel Le Bel,18016738832,lebel.daniel@gmail.com,2231 Brome St,Lynden,98264,WA,
Linda Mott,15035023442,lindam1031@hotmail.com,22525 SW Mandan Drive,Tualatin,97062,OR,
Maria Blackmer,15036120591,gblackmer19@hotmail.com,2275 Sam Parrett Dr,Newberg,97132,OR,
Jennifer Schleis,15039562339,jen.schleis@gmail.com,2304 HAWORTH AVE,NEWBERG,97132-1335,OR,
Jared Tellegen,15034900189,JaredT@1791.com,102 SILVERWOOD LN,Silverton,97381,OR,
Stephanie Mehl,19713447789,wsc.mmehl@gmail.com,2370 NW 161st Ave,Beaverton,97006,OR,
Dennis Neufeld,19164461054,d-neufeld@comcast.net,"2393 SW Park Place, Unit #203",Portland,97205,OR,
Nicole Phillips,16613097429,nicolec.phillips@yahoo.com,23983 Avenida Crescenta,Santa Clarita,91355,CA,
Kevin Gregory,15039249046,gregory.pumpkin.kevin@gmail.com,2413 NW 9th Ct,Redmond,97756,OR,
Alicia Wendler,15037206851,ianwendler@gmail.com,2419 SW Seymour Dr.,Portland,97239,OR,
Alan Winston,19253683090,alandwinston@gmail.com,2462 Mustang Ct,West Linn,97068,OR,
Porsche Chambers,19096453394,porschemwinston@gmail.com,2462 Mustang Ct,West Linn,97068,OR,
Eric Dodean,19712271275,eric.dodean51@icloud.com,25192 S Mountain View Rd,Colton,97017,OR,
Richard Temer,12069495712,rtemer@gmail.com,2545 37th Ave W,Seattle,98199-3707,WA,
Kamate Paluku,19715703187,johnsonkamate@yahoo.com,2546 Carson Loop,Forest Grove,97116,OR,
Matteo Brunozzi,18313253691,mfbrunozzi@gmail.com,2546 SE 151st Ave,Portland,97236,OR,
Courtney Clarke,15039394986,jclarke@thinkeyb.com,2550 NW Parnell Terrace,Portland,97229,OR,
Antonio Perez,15033479482,tonyperez.pdx@gmail.com,257 NE Milne Rd,Hillsboro,97124,OR,
David Taylor,15037374064,David.taylor503@gmail.com,2639 NE Anna Ave,Hillsboro,97124,OR,
Chase Hayton,19712275407,haytme@live.com,1161 34th Pl,Forest Grove,97116,OR,
Karen Sincavage,15033056200,rkjd1@yahoo.com,11645 SW Normandy Ln,West Linn,97068,OR,
Korin Galgano,15033130167,korinknits@gmail.com,2677 NE 9th Drive,Hillsboro,97124,OR,
Craig Nordal,17606124154,nordalappraisal@outlook.com,26800 Fairview Ave,Hemet,92544,CA,
Erin Clayton,15034661732,the.neil.clayton@gmail.com,2724 NE Charlois Dr,Hillsboro,97124,OR,
Sally Stewart,12062275854,sallystew22@gmail.com,2751 25th Ave,Forest Grove,97116,OR,
John Martin,15037074431,jamartin6233@gmail.com,2780 SE Rosespring Dr,Hillsboro,97123,OR,
Summer Langrell,19712545359,corbyn2004@gmail.com,2820 25th Avenue,Forest Grove,97116,OR,
Emily Mack,15413248313,tylerx.m.mack@intel.com,289 NE Donelson St,Hillsboro,97124,OR,
Tyler Mack,15413248313,emandtymack@netzero.net,289 NE Donelson St,Hillsboro,97124,OR,
Jason Ruston,15038807477,jason_ruston@yahoo.com,28936 NW Carver St.,North Plains,97133,OR,
Teresa Portinga,15033327692,teresaportinga@gmail.com,2927 NE 1st Ct,Hillsboro,97124,OR,
Catherine Jacoby,19719982455,mattjacoby23@gmail.com,296 NW Milne St,Hillsboro,97124,OR,
Catherine Jacoby,19719982455,matt.jacoby@ibigroup.com,296 NW Milne St,Hillsboro,97124,OR,
Catherine Jacoby,19719982455,matt@opsisarch.com,296 NW Milne St,Hillsboro,97124,OR,
Takashi Nagasawa,19165466118,judie.lew2@gmail.com,30322 NW Stewart Ln,North Plains,97133,OR,
Heidi Faith,19713254561,Heidi@Atlanta.IS,3082 SE Teal Drive,Gresham,97080,OR,
John Ponniah Isaac,13345590228,ijohnponniah@gmail.com,30942 NW YORKSHIRE ST,North Plains,97133,OR,
Jennifer Hernandez,18322295810,j.l.rodriguez.hernandez@gmail.com,310 E Sherman St.,Newberg,97132,OR,
Elissa Johnson,15034764044,mjohnson11.is@gmail.com,3128 N Halleck St,Portland,97217-6130,OR,
Scott Sell,15039642807,scott.sell.oregon@gmail.com,3143 SE 25th ave,Portland,97202,OR,
Glynn Kozloski,19717196391,Northwoods6572@gmail.com,31857 S Shady Dell Rd,Molalla,97038,OR,
Sean-Patrick Rogers,15039977549,kirstan.rogers@generalgrowth.com,31919 SE Victory Road,Troutdale,97060,OR,
Venkatesh Saravanaperumal,14795448099,venkat_sh2004@yahoo.com,32380 NW Wascoe St.,North Plains,97133,OR,
Neill Twigg,15035044317,neilltwigg@gmail.com,3288 Ammon Way,Forest Grove,97116,OR,
Walter Shinen,15032008140,waltershinen@gmail.com,1325 S Water St,Salem,97302,OR,
Christina Pacia,15593123971,cap2164@juno.com,3349 Lavina Dr,Forest Grove,97116,OR,
Vladimir Anuchin,19718042775,anuchinavlad@gmail.com,3370 SE 30th st,Gresham,97080,OR,
April Tracy,19712193189,apriltracy@icloud.com,3404 19th Ave #112,Forest Grove,97116,OR,
Nandan Kaniyoor Subramanya,14805702082,ks.nandanbhat@gmail.com,3415 SE 68th Avenue,Hillsboro,97123,OR,
Heidi Goodwin,15034903593,h1998g3@yahoo.com,3443 SW 24th Ter,Gresham,97080,OR,
Ercely Hernandez,13103846162,ercely@gmail.com,3445 SE San Marino ave,Hillsboro,97123,OR,
Matthew Dodd,15035378318,mdodd731@gmail.com,3456 SE San Marino Avenue,Hillsboro,97123,OR,
Nick Moore,15037478340,v8civic@hotmail.com,3456 Sweetwater Ave,Woodburn,97071,OR,
Amanda Doebler,15036019480,Bdoebler@puroclean.com,3525 SW Bear Creek Rd,Forest Grove,97116,OR,
Dhiraj Sharma,14255989524,dhiraj190018@gmail.com,3535 SE Reed Dr,Hillsboro,97123,OR,
Rennie Barber,15033677195,rennie.barber@comcast.net,25120 SE Lamar Ln,Gresham,97080,OR,
Robert Le Bel,15416300991,rjliv541@gmail.com,3536 Carlin Dr,Eagle Point,97524,OR,
Indira Hadziosmanovic,15038884151,indyh1911@gmail.com,358 NE 15th Ct,Hillsboro,97124,OR,
Brandon Johnson,15038036604,bjohnson31885@yahoo.com,35920 SE Bluff Rd,Boring,97009,OR,
David Neil,15036666950,neilcdave@gmail.com,3645 SE Helen Court,Troutdale,97060,OR,
Deborah Delplanche,15038190550,delpland@hotmail.com,3654 NW 2nd Ave,Hillsboro,97124,OR,
Shannon Perry,15102060091,whitehej@pacificu.edu,3689 Ebbets St,Forest Grove,97116-5002,OR,
Shannon Perry,15102060091,jayecee@pacificu.edu,3028 Twinflower Street,Forest Grove,97116,OR,
Esther Chance,14154126440,esther.chance.k@gmail.com,3703 NE CLEVELAND AVE,PORTLAND,97212,OR,
Jarred Frierson,13235804682,jarred.frierson@nike.com,376 SE 68th Ave,Hillsboro,97123,OR,
Paul Kershaw,16193001370,topshelf44@ymail.com,377 Paradise Ln,Pinehurst,83850-4000,ID,
Sarah Calder,15036812383,calder_family@yahoo.com,3773 NW 4th Ave,Hillsboro,97124,OR,
William Volk,15036481177,william_volk@beaverton.k12.or.us,3784 NW 313th Ave,Hillsboro,97124,OR,
Kristin Volk,15037305747,kris10volk@yahoo.com,3784 NW 3rd Ave.,Hillsboro,97124,OR,
Erich Winkler,12069478198,winklererich@yahoo.com,3819 W Cobalt St,Meridian,83642,ID,
Matthew Witzeling,15035457698,matthew.witzeling@gmail.com,3831 NE 115th Ave,Portland,97220,OR,
Todd Patterson,19716459509,tp43@live.com,3876 SW Ekin Ter,Beaverton,97078,OR,
Suresh Kamasamudram,15039872809,kksuresh76@gmail.com,3895 SE Hematite Ln,Hillsboro,97123,OR,
Pruthvi Lanke,17164912236,pruthvilanke@gmail.com,3910 SE 67TH AVE,HILLSBORO,97123-6538,OR,
Manuel Estrella,18059755972,atascadero123@yahoo.com,550 Whitney Ter,Atascadero,93422,CA,
Maruthy Jakkam,14159263493,maru6067@gmail.com,3925 SE 68TH AVE,HILLSBORO,97123,OR,
Rashmi Lakkur Subramanyam,15037395225,rashmils.87@gmail.com,3934 SE 81st Ave,Hillsboro,97123,OR,
Jeannette Mazilu,15033134899,danielmazilu@yahoo.com,40120 SE Kitzmiller Rd,Eagle Creek,97022,OR,
Jason Veith,15034194515,valsu43.jv@gmail.com,40330 Therese St,Sandy,97055,OR,
Matt Gustafson,15039147676,gustyj13@yahoo.com,410 E MISSION DR,Newberg,97132,OR,
Meilin Ma,18018089578,yungyuma@yahoo.com,4130 SW Primrose St,Portland,97219,OR,
LAUREN BERMAN,15032065864,lberman1@gmail.com,4135 NE 14TH AVE,Portland,97211-5103,OR,
Sudeep Mohile,15038301798,snmohile@hotmail.com,4183 SE Century Blvd,Hillsboro,97123,OR,
Brittany Mitchell,16193183530,brittanymitchell0610@gmail.com,4204 Gothberg Avenue,North Highlands,95660,CA,
Beth Slevcove,15039311706,bethslev@gmail.com,421 IKE MOONEY RD NE,Silverton,97381,OR,
Thomas Stockton,12027442860,kara.berman@gmail.com,4233 SE Alder St,Portland,97215,OR,
Eric Lunde,15035050518,thormo@aol.com,425 NE Cleveland Ave,Gresham,97030-5863,OR,
Sean Belling,14158899582,brittbelling@gmail.com,4324 NE 25th Ave,Portland,97211,OR,
Zachary Franks,15037243454,zfranks1984@yahoo.com,44146 Calle Ciuita,Temecula,92592-3992,CA,
Tyler McAvoy,15035479391,t.mcavoy@hotmail.com,447 N 1st Street,Carlton,97111,OR,
Tamara Hay,,brandon.hay@veris.com,4550 NW Neskowin Ave,Portland,97229-2806,OR,
Cory Hill,15038305368,hill.cory.c@gmail.com,4564-4568 State St,Salem,97301,OR,
Bree Marcoe,15038884417,coolgirlrunning@gmail.com,470 W Exeter St,Gladstone,97027,OR,
William Crowder,15038054761,tlcrowder@centurylink.net,47021 River Ranch Lane,Westport,97016,OR,
Mark Martin,15037204368,pbmarkdm@icloud.com,4860 K St,Washougal,98671,WA,
Tyler Zoucha,19715705812,tzoucha84@gmail.com,4878 SE Frewing Rd,Hillsboro,97123,OR,
Aaron Osburn,15033324272,aaronosburn@yahoo.com,4900 Masters Drive,Newberg,97132,OR,
Stiles Jewett,15036386611,stiles.jewett@frontier.com,4931 SW Homesteader Rd,Wilsonville,97070,OR,
David Hrabal,15035390127,davehrabal@gmail.com,1025 NW Couch St Unit 1112,Portland,97209,OR,
Mary Lynn Craig,15038882014,teachem2mlc@yahoo.com,50 E MOUNTAIN VIEW DR,ALLYN,98524-9795,WA,
Devrie Thompson,15037990560,devrie_thompson@yahoo.com,5047 SW 206th Pl,Beaverton,97078,OR,
Rani Soundharya Yerukala,12149832040,rani060610@gmail.com,5078 NW 149th Ter,Portland,97229,OR,
Venkata Sravani Vadali,18582619498,vadali.sravani@gmail.com,5160 NE 18th Unit A,PORTLAND,97211,OR,
Vijayabharathy Mariappan,12024924044,vijayabharathym@gmail.com,5200 NW Shoreline Way,Portland,97229,OR,
Lisa Krohn,15037489469,joshkrohn@live.com,52273 SE 2nd St,Scappoose,97056,OR,
Sheryl Passarge,12062290538,sherylpassarge@gmail.com,5311 201st Place SW,Lynnwood,98036,WA,
Derek Richards,15036849111,derek.b.richards@gmail.com,5448 SW Lee St,Tualatin,97062,OR,
Kathryn Hiett,15039850019,rainmeadows@yahoo.com,54900 SW Patton Ave,Gaston,97119,OR,
Michelle Larsen,16122428393,shellymae@msn.com,5582 YORKSHIRE PL,Lake Oswego,97035-3382,OR,
Sean Mailey,15033305947,Amanda1mailey@gmail.com,5617 NE 27th Ave,Portland,97211,OR,
Samantha Gonzalez,19712414689,rg1416@outlook.com,568 SW Filbert St,Mcminnville,97128,OR,
Porkodi Rajendran,16692109076,porkodi.prabakaran@gmail.com,5685 ROOSEVELT PL,FREMONT,94538-1029,CA,
Anthony Pellegrini,14253439896,adpellegrini@outlook.com,57256 Wolf Ln,Sunriver,97707,OR,
Michael Pankrast,19714099161,mikepankrast@gmail.com,5728 SE 70th Ave,Portland,97206,OR,
Kimberly Carroll,15033676448,kimandnathan@comcast.net,575 W Regis St,Stayton,97383,OR,
Katherine Le,15033413165,trinhle0917@gmail.com,580 S 6th Ave,Cornelius,97113,OR,
Michelle Joslin,15035500677,michelle.joslin@optionsrm.com,600 E Sheridan St,Newberg,97132,OR,
Nicole Holte,15039896937,holteimage@gmail.com,610 S Tarrybrooke Dr,Cornelius,97113,OR,
Amy Haggstrom,15037028637,haggstrom.a@gmail.com,6103 SW Kelly Ave,Portland,97239,OR,
Andrea Malone,15416395338,andrea.poole@gmail.com,61444 Duncan Ln,Bend,97702,OR,
Dana Tree,15038881581,danactree@gmail.com,627 Warner Parrott Rd,Oregon City,97045,OR,
Leah Mailloux,16787600005,leahmailloux@yahoo.com,6306 SE Hull Ave,Portland,97267,OR,
Nicholas Blattner,15039972916,nblattner@gmail.com,6307 SE 36TH AVE,Portland,97202-8221,OR,
Micaela Brophy,15033388437,mbroph2@pdx.edu,6346 SE Imagine Way,Hillsboro,97123,OR,
Charlie Ta,15037017163,Charlie.t.ta@hotmail.com,6414 N Maryland Ave,Portland,97217-4884,OR,
Lara Ventimiglia,15033183637,lara@bellamediallc.com,65540 E Timberline Dr E,Rhododendron,97049,OR,
Rachel Vore,15097237845,rachel.vore@gmail.com,12690 SW 159th Ct,Portland,97206,OR,
Eric Leech,19712258189,ericleech78@gmail.com,6617 SE Apple St,Milwaukie,97222-2878,OR,
Alex Ascher,15034159794,Bobertrc@hotmail.com,6625 SW Queen Ln,Beaverton,97008,OR,
Anil Babu Vikram,13123209995,anilvik@gmail.com,6647 NW Dingo Dr.,Portland,97229,OR,
Laura Lemus,19713447822,lemuslauri1@gmail.com,669 Burghardt Dr.,Molalla,97038,OR,
Sarah Miller,15034764939,bornlifted1@gmail.com,675 NW HARVEST MOON DR,Hillsboro,97124-2472,OR,
Anant Srivastava,14802890931,anantsrivastava30@gmail.com,6771 SE Genrosa Street,Hillsboro,97123,OR,
Jayalakshmi Ramamoorthy,15037548147,jayaravi98@gmail.com,6917 SE Wenaha Ln,Hillsboro,97123,OR,
Sharma Smith,15033185643,alattesmith@comcast.net,6947 NE WILLOWGROVE ST,Hillsboro,97124-7909,OR,
David Duty,15038167071,daveduty@yahoo.com,7078 SW Valenta Ct,Portland,97223,OR,
Cindy Eldkrona,15032501077,eldkrona@gmail.com,7312 SW Kelsi Ct,Portland,97223,OR,
Thomas Redmon,19712211927,jtredmon@gmail.com,7369 SW Mickey Ct,Beaverton,97007,OR,
Sivaganesh Madhavan,18564774406,sivaganesh.in@gmail.com,7399 NW 165th Ave,Portland,97229,OR,
Chandrashekhar Bhardwaj,15037647434,shekhar3006@gmail.com,7440 NW 165th Ave,Portland,97229-9434,OR,
Michael Trotter,19048686675,tokugawa904@yahoo.com,7510 Charolais Dr.,Gladstone,97027,OR,
Charles Morgan,15037029787,chuckm20@gmail.com,2139 Osprey Dr.,Indian Wells,92210,CA,
Sharath Kumar Bhat,19717626406,sharathkbhat@gmail.com,7653 NW Lauren Ave,Portland,97229,OR,
Jesse Wagner,15033325344,jesse.wagner00@gmail.com,7700 SW Sage Pl,Beaverton,97008,OR,
Brett Henry,15038664542,Brett@oliverinsurance.net,7809 NE 180th Ave,Vancouver,98682,WA,
Carleen Crosby,15033694387,carleen.crosby@co.columbia.or.us,78431 Alston Mayger Rd,Rainier,97048-2007,OR,
Richard Hagerty,15032441966,richardhagerty@msn.com,7895 SW 84th Ave,Portland,97223,OR,
Daniel Martini,19163907480,dmartinisr@gmail.com,7907 NW 11th ct.,Vancouver,98665,WA,
Sindhuri Pallam Reddy,15304926936,sindhuripr@gmail.com,803 S 23rd Avenue,Cornelius,97113,OR,
Amanda Regan Lighthiser,15415137359,areganlight@gmail.com,8130 SW 46th Ave,Portland,97219,OR,
Ajay Garg,19528184527,ajaygarg1980@gmail.com,8205 SE Leafhopper ST,Hillsboro,97123,OR,
Parijat Singh,14802258992,parijat_singh@yahoo.com,8209 Se Stonecrop Lane,Hillsboro,97123,OR,
Michelle Hulquist,15038041015,michellehulquist@gmail.com,19972 sw 62ND Terrace,Portland,97214,OR,
STEPHEN CLEVELAND,15038555965,stephencleveland5@gmail.com,8369 Cason Rd,Gladstone,97027,OR,
Gabriel Graham,16198888837,graham.gabe@gmail.com,8470 SW 70th Pl,Portland,97223-9364,OR,
Ulla Drell,15037204635,ulladrell@comcast.net,8490 SW Homewood St,Portland,97225,OR,
Jeffrey Johnson,15039642859,littlej82@gmail.com,853 NE Creeksedge Dr,Hillsboro,97124,OR,
Marshall Pierce,15036807401,marshwump@yahoo.com,8577 N Richmond Ave,Portland,97203,OR,
Reyna Mallare,15038412030,reyna.mallare@gmail.com,8703 N Crawford St,Portland,97203,OR,
Glen Wagner,15033569967,glen.r.wagner@gmail.com,8770 Pelican Ln,Manzanita,97130,OR,
Alex Bowman,15038307461,al.w.bowman@gmail.com,8787 SW Becker Dr,Portland,97223,OR,
Allyson Kooy,15035044908,akooy1091@gmail.com,8903 176TH STREET CT E,Puyallup,98375-6131,WA,
Seth Murray,15039704686,seth@goldenoakinsurance.com,891 N World Cup Ln,Eagle,83616,ID,
Greta Zagarino,15414901984,greta@gretarose.com,9 E Sherman Ave,Hood River,97031,OR,
Matthew MontsDeOca,15039536378,matt.m@optionsrm.com,9 Oriole Lane,Lake Oswego,97035,OR,
David Moran,15418903027,dmoran12@georgefox.edu,902 E Crestview Dr,Newberg,97132,OR,
Kathy Prewitt,15039708748,jp@childpeace.org,9125 N JOHN AVE,PORTLAND,97203-3047,OR,
John Eberhardt,19715060640,ebbz238@gmail.com,915 SE 33rd St,Troutdale,97060,OR,
Vance Roderick,12067959075,cdcool88@yahoo.com,9224 SW 51st Ave,Portland,97219,OR,
Emily Barron,15037060094,emannbarron@gmail.com,9280 SW 8TH AVE,PORTLAND,97219,OR,
Whitney Fenton,18015413058,whittie10@msn.com,9384 SE Scott Park Cir,Happy Valley,97086-7464,OR,
Matthew Ventimiglia,15864053266,mj.vent@gmail.com,9460 NW Ember Ln,Portland,97229,OR,
Jennifer Mann,15032604258,jennifermann74@gmail.com,3749 Northwest 118th Avenue,Portland,97203,OR,
Wade Zuver,15035726301,w.zuver@zuverconstruction.com,983 NE 6th Avenue,Hillsboro,97124,OR,
Alan Perez,16197927799,alancperez85@gmail.com,983 NE 6th Dr,Hillsboro,97124,OR,
Carolyn Rullo,19715415115,carolyn.rullo@stewart.com,9965 SW 163rd Ave,Beaverton,97007,OR,
Derrick Miller,,paran_15@yahoo.com,998 SE Roundelay St,Hillsboro,97123,OR,
Margaret McVay Richardson,15033808251,coryjay123@gmail.com,3217 Crestline Drive,FOREST GROVE,97116,OR,
Michael Stone,15035220364,mtssea@aol.com,6645 West Burnside Road,Portland,97210,OR,
Maricel Debelen,15032678343,mpdebelen051808@yahoo.com,1456 Southeast Blanchard Street,Hillsboro,971235336,OR,
Mark Holden,15413253293,mwholden3@outlook.com,11704 Northeast 2nd Court,Vancouver,98685,WA,
Samantha Kebede,15039758401,samanthareck@gmail.com,2522 Broadmoor Place,Woodburn,970717653,OR,
Bryan Wolf,15033483667,bigbadbry@gmail.com,6908 Southwest 55th Avenue,Portland,97219,OR,
Margaret McVay Richardson,15033808251,c.richardson@zuverconstruction.com,3217 Crestline Drive,Forest Grove,971161067,OR,
John Burns,17204700070,patandjohnburns@gmail.com,933 NW Teak Court,Redmond,97756,OR,
Jeffrey Minick,17088376210,jeff.minick@gmail.com,131 West Clearpine Drive,Sisters,97759,OR,
Michelle Austin,15035604677,austinmichelle241@gmail.com,1415 Martin Rd,Hood River,97031,OR,
Michael Hendricks,15037650744,michael3hendricks@gmail.com,14576 SW 83rd Ct,Tigard,97224,OR,
Nadja Wielebnowski,16305516219,just4nadja@hotmail.com,7170 Southwest Hyland Way Court,Beaverton,970085608,OR,
Angela Durham,13173638238,amdurham11@gmail.com,7651 SW Wimbledon Cir N,Wilsonville,97070,OR,
Kenna Wood,13524092384,kenna.wood@gmail.com,6226 Northeast Alameda Street,Portland,97213,OR,
Glenn Hurlburt,17075995463,glennghurlburt@gmail.com,873 Golden Pheasant Dr,Redmond,97756-7000,OR,
Lindsey Cook,15037408886,lindseygru@gmail.com,6902 NE 28th Ave,Vancouver,98665-0728,WA,
Sarah Brausen,19714169859,sbrau85sen@gmail.com,328 NW Freeman Ave,Hillsboro,97124,OR,
Lisa Brownell,15034220927,lisa_brownell@beaverton.k12.or.us,18537 SW Mandy Ct,Beaverton,97007-6031,OR,
Dawnette Carpenter,17608997791,dtour64@yahoo.com,3035 5th St,Columbia City,97018,OR,
Karen Gillette,15037541880,cpkgille@gmail.com,15011 NE Siskiyou Ct,Portland,97230,OR,
Tanner Morris,15033208135,morristanner113@gmail.com,2886 SE Cedar Dr,Hillsboro,97123-7326,OR,
Adam Haynes,15415985780,adam@stickfort.com,1135 NW Albany Ave,Bend,97703,OR,
Addison Dillon,13606241233,addison.dillon@gmail.com,23441 SW Cinnamon Hill Pl,Sherwood,97140,OR,
Walter Rodriguez,13234457707,beta.walter@gmail.com,5818 NE Saida Ln,Hillsboro,97124-7243,OR,
Michael Hendricks,15037650744,michael3hendricks@gmail.com,14576 SW 83rd Ct,Tigard,97224,OR,
Douglas Bradshaw,17604036022,Scott.bradshaw@bradshawhome.com,20269  Marsh Road,Bend,97703,OR,
Allan Harding,15035728628,allanh29@gmail.com,1028 E Black Butte Avenue,Sisters,97759,OR,
Alan Koenig,19715702946,alankoenig84@gmail.com,5353 Sparta Loop SE,Salem,97306,OR,
Karen Gillette,15037541880,cpkgille@gmail.com,15011 NE Siskiyou Ct,Portland,97230-4539,OR,
Carter Olsen,15037061612,cjolsen06@gmail.com,10016 Southwest 35th Avenue,Portland,97219-6127,OR,
Esi Orloff,19717070753,esi.orloff@gmail.com,339 4th St,Scotts Mills,97375,OR,
Jazmine Demartino,15035053518,jazminekandace@gmail.com,990 SW Kings Byway,Troutdale,97060,OR,
Justin Bond,15039392854,bondjn007@gmail.com,33768 NE Hart Ct,Scappoose,97056,OR,
Richard Carlson,15033290675,rich@drakulichandcarlson.com,25727 E Bright Ave,Welches,97067,OR,
Earl Claypool,15038414954,eclaypooljr@gmail.com,200 JE Johnson Rd,Kalama,98625,WA,
Amy Adams,15034441276,amy.adams@outlook.com,4622 Southeast 87th Avenue,Portland,97202,OR,
Ricky Sanaphanh,15035391725,ricky.sanaphanh@gmail.com,2385 SE 17th Aly,Gresham,97080,OR,
Brandon Johnson,15038036604,brandon.kati.home@outlook.com,35920 Southeast Bluff Road,Boring,97009,OR,
Jamil Cubit,15038601411,jamil.cubit@gmail.com,11085 SW 78th Ave,Tigard,97223,OR,
Karina Contreras,15104329808,karina.cottonwood@gmail.com,11435 SE Liebe St,Portland,97266,OR,
Donnica Jackson,19253396171,jacksondonnica@gmail.com,71 Rio Viale Ct,Sacramento,95831,CA,
Felipe Vallini,18583495601,felipevallini@gmail.com,8560 SW 165TH AVE,Beaverton,97007,OR,
Sarah Miller,15034764939,sarahmiller772@gmail.com,675 NW Harvest Moon Dr,Hillsboro,97124,OR,
Derrick Cope,15038992523,cindysue33@msn.com,314 W 5th St,Newberg,97132-2502,OR,
LAUREN BERMAN,15032065864,dabrodkey@yahoo.com,4135 NE 14TH AVE,Portland,97211-5103,OR,
Lisa Brownell,15034220927,noagnomen@gmail.com,18537 SW Mandy Ct.,Beaverton,97007-8641,OR,
Maria Blackmer,15036120591,lormn188@hotmail.com,5100 SW GREENWOOD CIR,Tualatin,97062,OR,
Neil Csanky,15037021227,hcsanky@gmail.com,33504 SE Wood Drive,Washougal,98671,WA,
Anjali Rameshbabu,14144124970,anjalirameshbabu@gmail.com,14115 SW Wildhorse Way,Beaverton,97008,OR,
Derek McGraw,15419512692,mcgrawdcpa@gmail.com,50 Music Square West,Newberg,97132,OR,
Jarred Frierson,13235804682,jarredfrierson@gmail.com,376 SE 68th Ave,Hillsboro,97123,OR,
Lara Ventimiglia,15033183637,larayasin@gmail.com,16972 Greentree Ave,Lake Oswego,97034,OR,
Ronald Jermann,19712356809,ronjermann@icloud.com,17279 Noakes Rd,Vernonia,97064,OR,
Ryan Bond,15039154107,bondryan360@gmail.com,52351 / 52353 SW 3rd St,Scappoose,97056-3516,OR,
Terrel Casassa,17074982802,clevelandeileen@gmail.com,1243 SE HAWTHORNE DR,Roseburg,97470-4370,OR,
