Name	Street	Site	Result	Notes
Wade Zuver	983 NE 6th Avenue, Hillsboro, OR 97124	https://dash.pricehubble.com/pb/PwpthbFCmJSvuCZpfmyhQR7s	ok	
Walter Shinen	1325 S Water St, Silverton, OR 97381	https://dash.pricehubble.com/pb/3895x4FxrlXBHqKtqC938q7X	ok	
Alison Burris	21343 SW Yorkshire Way, Sherwood, OR 97140	https://dash.pricehubble.com/pb/6sQzxixuZ8iDCLWI4QCDrUO7	ok	
Terri Crowder	678 NW Brookhill Ln, Hillsboro, OR 97124	https://dash.pricehubble.com/pb/4ySEpUJAfiE65Zg5ADkY2u2o	ok	
Zachary Franks	44146 Calle Ciuita, Temecula, CA 92592	https://dash.pricehubble.com/pb/nK43xVvSiSuG70Y3kI7QXPWr	ok	
Adam Haynes	1135 NW Albany Ave, Bend, OR 97703	https://dash.pricehubble.com/pb/eb1wF8V1qBWztitaIhSbW5uw	ok	
Devan Perry	3035 5th St., Columbia City, OR 970189814	https://dash.pricehubble.com/pb/s9iih2JljRxrvFf2gzJA4Cu0	ok	
Earl Claypool	200 JE Johnson Rd, Kalama, WA 98625	https://dash.pricehubble.com/pb/mei3gYVa5K37qRvUKtc5ksMY	ok	
Esi Orloff	339 4th St, Scotts Mills, OR 97375	https://dash.pricehubble.com/pb/iSuN7yXVGMa3h9Pp9QuxH8kD	ok	
Karen Gillette	905 NE 131st Place, Portland, OR 97230	https://dash.pricehubble.com/pb/dVsYfYz4Tw5RqsZBLmTxz62G	ok	
Michael Hendricks	14576 SW 83rd Ct, Tigard, OR 97224	https://dash.pricehubble.com/pb/ai7Q2hltbdn3mFpLIlZB488b	ok	
Michael Stone	6645 West Burnside Road 551, Portland, OR 97210	https://dash.pricehubble.com/pb/QikRYaoArDFCmEBJmltOLDss	ok	
Samantha Kebede	2522 Broadmoor Place, Woodburn, OR 970717653		error	422 - "{\n  \"message\": \"The provided US address could not be validated\"\n}"
Sarah Brausen	2024 Northeast Poynter Street, Hillsboro, OR 97124	https://dash.pricehubble.com/pb/RqLEmfMM0Z3WiOCY5WoNZYSq	ok	
Tanner Morris	2886 SE Cedar Dr, Hillsboro, OR 971237326	https://dash.pricehubble.com/pb/FbN1fvS8pKxn0WaPzcqYrYZc	ok	
Walter Rodriguez	5818 NE Saida Ln, Hillsboro, OR 971247243	https://dash.pricehubble.com/pb/EcRxllkdlThfPVwtFULvTHPE	ok	
