Deborah McCabe,Joel Morgan,2022-07-27,400800,Conventional,6.99,,,,1387 NE Indian Trail,Lincoln City,OR,97367,,Deborah,McCabe,debbielmccabe@gmail.com,541-992-3211,,,,,,,,,,,,,
Matthew Gustafson,Joel Morgan,2022-07-26,392395,Conventional,8,,,,9913 NE Sandpiper Cir,Vancouver,WA,98664-2952,,Matthew,Gustafson,gustyj13@yahoo.com,503-914-7676,,,,,,,,,,,,,
Matthew Gustafson,Joel Morgan,2022-07-26,169725,Conventional,5.99,,,,410 E Mission Dr,Newberg,OR,97132,,Matthew,Gustafson,gustyj13@yahoo.com,503-914-7676,,,,,,,,,,,,,
Rebecca Hozen,Joel Morgan,2022-07-25,253357,FHA,4.625,,,,965 Glen Cove Ave,Scotts Mills,OR,97375,,Rebecca,Hozen,rebeccahozen@gmail.com,562-544-7824,,,,,,,,,,,,,
Maria Sar,Joel Morgan,2022-07-22,565000,Conventional,5.99,,,,7893 SW Bay Berry Dr,Beaverton,OR,97078,,Maria,Sar,maria.sar319@gmail.com,503-853-6778,,,,,,,,,,,,,
Taylor Wells,Joel Morgan,2022-07-18,489250,Conventional,6.25,,,,32875 NW Bella Vista Dr.,Scappoose,OR,97056,,Taylor,Wells,taywells@gmail.com,360-213-5746,,,,,,,,,,,,,
Sameer Saurabh Singh,Joel Morgan,2022-07-08,467900,Conventional,3.99,,,,5605 SE Logan Ln,Hillsboro,OR,97123,,Sameer Saurabh,Singh,smr704@gmail.com,919-786-3610,,,,,,,,,,,,,
Vincent Butler,Joel Morgan,2022-07-07,479750,Conventional,6.625,,,,8012 SW Carol Ann Ct,Tigard,OR,97224,,Vincent,Butler,prodical.son85@gmail.com,562-360-9006,,,,,,,,,,,,,
Thanh Chi To,Joel Morgan,2022-07-06,569494,FHA,4.625,,,,19735 SW Sandra Ln,Beaverton,OR,97003,,Thanh Chi,To,tochi89@gmail.com,408-916-6614,,,,,,,,,,,,,
Brenton Breed,Joel Morgan,2022-07-06,562410,Conventional,5.99,,,,2813 NE Red Oak Dr,Bend,OR,97701,,Brenton,Breed,suppoddg79@gmail.com,503-931-5384,,,,,,,,,,,,,
Stephanie Martens,Joel Morgan,2022-07-01,347500,Conventional,5.625,,,,2847 NW 9TH PL,Redmond,OR,97756,,Stephanie,Martens,showrey@gmail.com,503-984-2062,,,,,,,,,,,,,
Jeffrey Little,Joel Morgan,2022-06-30,410815,FHA,5,,,,1686 SE Dowery Ln,Hillsboro,OR,97123-5088,,Jeffrey,Little,jeff.little@fnf.com, ,,,,,,,,,,,,,
Chhoeuy Chhaysy,Joel Morgan,2022-06-28,364672,FHA,5.75,,,,2257 N Holladay St,Cornelius,OR,97113,,Chhoeuy,Chhaysy,rchhaysy1@yahoo.com,503-568-9242,,,,,,,,,,,,,
Abigael Barr,Joel Morgan,2022-06-24,349453,Conventional,5,,,,3427 NW 9th St,Redmond,OR,97756,,Abigael,Barr,abbybarr93@gmail.com,971-218-2457,,,,,,,,,,,,,
Bianita Aquino,Joel Morgan,2022-06-15,485332,Conventional,4.875,,,,3193 S Jasper Dr,Cornelius,OR,97113,,Bianita,Aquino,jefelyn.aquino06@yahoo.com,503-997-3816,,,,,,,,,,,,,
Nhi Hinh,Joel Morgan,2022-06-10,385000,Conventional,5.125,,,,8925 SW 157th Ave,Beaverton,OR,97007,,Nhi,Hinh,nhihinht@yahoo.com,503-442-0377,,,,,,,,,,,,,
Lisbeth Kobs,Joel Morgan,2022-06-09,32000,Conventional,5.99,,,,13225 SE Alder St,Portland,OR,97233,,Lisbeth,Kobs,lizkobs@hotmail.com,971-285-1007,,,,,,,,,,,,,
Lisbeth Kobs,Joel Morgan,2022-06-09,514995,Conventional,5.75,,,,19240 Abernethy Ln,Gladstone,OR,97027,,Lisbeth,Kobs,lizkobs@hotmail.com,971-285-1007,,,,,,,,,,,,,
Marlo Cochran,Joel Morgan,2022-06-02,232000,Conventional,5.125,,,,78771 Quincy Mayger Rd,Clatskanie,OR,97016,,Marlo,Cochran,empress.marlo74@gmail.com,208-409-6484,,,,,,,,,,,,,
Imelda Justimbaste,Joel Morgan,2022-05-31,455026,FHA,4.25,,,,17437 SW Hurrell Lane,Beaverton,OR,97006,,Imelda,Justimbaste,mhel_justimbaste@yahoo.com,971-300-9283,,,,,,,,,,,,,
Hillary Smith,Joel Morgan,2022-05-31,326000,Conventional,5.125,,,,352 SW Antler Ridge Court,Redmond,OR,97756,,Hillary,Smith,hillarysmith9@hotmail.com,503-440-6143,,,,,,,,,,,,,
Alina Agner,Joel Morgan,2022-05-27,270985,Conventional,5.75,,,,2334 S Brookside Pl,Ridgefield,WA,98642,,Alina,Agner,alina.agner@gmail.com,206-310-5546,,,,,,,,,,,,,
Minh-Thy Ha,Joel Morgan,2022-05-23,480000,Conventional,5.375,,,,4975 SW 139th Ave,Beaverton,OR,97005,,Minh-Thy,Ha,minhthyha5@gmail.com,925-640-5430,,,,,,,,,,,,,
Brad Caldwell,Joel Morgan,2022-05-20,640000,Conventional,5.5,,,,13605 SE Edgefield Ln,Boring,OR,97009-7187,,Brad,Caldwell,bradc.auctioneer@yahoo.com,503-819-3496,,,,,,,,,,,,,
Gerald Suits,Joel Morgan,2022-05-20,120000,Conventional,5.5,,,,2810 SW 32nd St,Redmond,OR,97756,,Gerald,Suits,j.suits@worldventure.com,303-590-8854,,,,,,,,,,,,,
Rose Cristy Lyne Pacleb,Joel Morgan,2022-05-18,625000,Conventional,4.875,,,,2097 S Jasper Dr,Cornelius,OR,97113,,Rose Cristy Lyne,Pacleb,rclpacleb@gmail.com,503-997-3761,,,,,,,,,,,,,
Venkatesh Rajamanickam,Joel Morgan,2022-05-13,344000,Conventional,5.625,,,,7616 NE Andover St,Hillsboro,OR,97124,,Venkatesh,Rajamanickam,venkateshr89@gmail.com,915-667-1640,,,,,,,,,,,,,
Jolie Richards,Joel Morgan,2022-05-12,260000,Conventional,7.75,,,,135 Wander Way SE,Salem,OR,97301,,Jolie,Richards,jolie@thebellacasagroup.com,971-241-2508,,,,,,,,,,,,,
Daniel Odegaard,Joel Morgan,2022-05-10,647000,Conventional,5.625,,,,63090 Riverstone Dr,Bend,OR,97703,,Daniel,Odegaard,odegaard.daniel@gmail.com,541-579-0356,,,,,,,,,,,,,
MINHUJ FATIMA,Joel Morgan,2022-05-10,418500,Conventional,4.5,,,,20650 NW Painted Mountain Drive,Beaverton,OR,97006,,MINHUJ,FATIMA,minaaz911@gmail.com,919-633-4512,,,,,,,,,,,,,
Tamara Boyles,Joel Morgan,2022-05-09,310650,Conventional,4.99,,,,431 15th Ave,Longview,WA,98632,,Tamara,Boyles,brodygirl2003@yahoo.com,775-721-5725,,,,,,,,,,,,,
