Emily Sitton,"2465 Northgate Ave NE, Salem, OR 97301",https://dash.pricehubble.com/pb/EnMKCgszQDcbIPmeZWR3o6So,ok,
Walter Mercadal,"907 NE Meadow Dr, Portland, OR 97211",https://dash.pricehubble.com/pb/vs5pO9VireBpwcDE3Q7Zqvky,ok,
Heidi Limburg,"17895 SW Zenith PL, Beaverton, OR 97007",https://dash.pricehubble.com/pb/ICvUAsEhiFNxGcgrcYjZM61E,ok,
Keith Danielsen,"60860 SW Headwaters Loop, Bend, OR 97702",https://dash.pricehubble.com/pb/Hx2ykEIv227FKprDzfy4CxNN,ok,
Joel Krestik,"2310 NW Brickyard St, Bend, OR 97703",https://dash.pricehubble.com/pb/Vlwg4XrZxsJqweWITBxrlMFb,ok,
Robert Terry,"21849 SW Regal Ct, Beaverton, OR 97003",https://dash.pricehubble.com/pb/0CmrV4aJq751c6tobCKqDglw,ok,
Deepak Paul,"8195 SE Leafhopper Street, Hillsboro, OR 97123",https://dash.pricehubble.com/pb/NlGmacqhR4EUrnQArVnZrwKE,ok,
Lorraine O'Neill,"9330 SW  Tangela Street, Portland, OR 97223",https://dash.pricehubble.com/pb/9qfOyQe0SGVkG3hllTouMAxV,ok,
Kyle Wiglesworth,"8220 SW Taylors Ferry Rd., Tigard, OR 97223",https://dash.pricehubble.com/pb/db5VMdCrnVXKfw78nmuRWnGu,ok,
Parag Dixit,"8121 SE Kinnaman St, Hillsboro, OR 97123",https://dash.pricehubble.com/pb/l9l6UfISWWzBRyBbv4zG3WqU,ok,
Suraj Bathija,"4037 SE 85th Ave, Hillsboro, OR 97123",https://dash.pricehubble.com/pb/RWEoLmkXgswKnY850NqURS0v,ok,
Anna Higgins,"64573 Wood Avenue, Bend, OR 97703",https://dash.pricehubble.com/pb/y11rWvspooobARXNFkIhlh9t,ok,
Robert Morsch,"102 Ruskin, Maryville, TN 37803",https://dash.pricehubble.com/pb/Ig1viN9woVqSxOFHzMO6ws9e,ok,
Gregory Fort,"2274 SE 48th Ave, Hillsboro, OR 97123",https://dash.pricehubble.com/pb/MGaxkR1NLReN6pyM2c0n1Rpq,ok,
Kurt Mensing,"17135 Palomino Dr, Sisters, OR 97759",https://dash.pricehubble.com/pb/EEUBpbhfZQTTM2o80OiB8cZz,ok,
Vishnu vardhan Ravi,"3913 SE Jade Lane, Hillsboro, OR 97123",https://dash.pricehubble.com/pb/BMd1CbUEqgbpWPBxacum0XCr,ok,
Michelle Eidam,"20606 SE Gemstone Ave, Bend, OR 97702",https://dash.pricehubble.com/pb/j6aGpDdk5F0h9LS8S1QByMbL,ok,
Andrew Fuller,"817 East Ave, North Augusta, SC 29841",https://dash.pricehubble.com/pb/NX6oqaAR9463544vmyLKSfgn,ok,
Sameer Kulkarni,"16924 NW MESA VIEW LN, Beaverton, OR 97006",https://dash.pricehubble.com/pb/yPrL9CtQN4RJIA7nnkQnN68w,ok,
Elisabeth Gumm,"508 SE Bronte Way, Hillsboro, OR 97123",https://dash.pricehubble.com/pb/KRNH65rF5ZwcMFSmfBSepncZ,ok,
Jason Caponetti,"2094 Knowles Rd, Medford, OR 97501",https://dash.pricehubble.com/pb/mh0laWSaODnCdXQNCSTnBURw,ok,
Whitney Carlson,"22447 SW 112th Avenue, Tualatin, OR 97062",https://dash.pricehubble.com/pb/OUdACuG48QVOhG0vl5usUn3s,ok,
Curry King,"5233 NW Skyline Blvd, Portland, OR 97229",https://dash.pricehubble.com/pb/CHnnQ1hgXpyjlnZwR8kPmbb5,ok,
Regina May,"315 S Fork Rd, Dayville, OR 97825",https://dash.pricehubble.com/pb/DJAkwEPmDS8mQyqa13U5YtCu,ok,
Chebon Porter,"60665 Teton Ct, Bend, OR 97702",https://dash.pricehubble.com/pb/Kq1okhJyL2JqZmU7Q9o1qrY2,ok,
Jeremy Gillis,"3550 NE Fairview Lake Ct, Fairview, OR 97024",https://dash.pricehubble.com/pb/HQvO2s1oIM9evEo7hsSxQUEc,ok,
Jacob Guthrie,"907 N Filbert Ct, Newberg, OR 97132",https://dash.pricehubble.com/pb/9CAen4WPo37LkavIDjHKg4Go,ok,
John Quinby,"3321 NW Conrad Dr, Bend, OR 97703",https://dash.pricehubble.com/pb/5hC5a5WrVdHEt0ivpitT203I,ok,
Keivan Davoodimeshkani,"7560 SW 161st Dr, Beaverton, OR 97007",https://dash.pricehubble.com/pb/RgTKcvYznv0zXS2hWjCrnABH,ok,
Gregory Machacek,"2188 NW Quince Pl, Redmond, OR 97756",https://dash.pricehubble.com/pb/6Iyz1Ds2KkzEkuykK0LG2PCH,ok,
Mallikarjun Bellundagi,"14542 NW Olive St, Portland, OR 97229",https://dash.pricehubble.com/pb/ghsOrI6ITuAnXlH9KCH1bTkI,ok,
Tosia Accardo,"241 16th St SE, Salem, OR 97301",https://dash.pricehubble.com/pb/0giGfUwoFZjjAMZ3FdawZW2C,ok,
Timothy Cerny,"13 Eaton St, Lebanon, OR 97355",https://dash.pricehubble.com/pb/2WSnKVhQcHB7NhBAXLTiJTHz,ok,
Linh Quach,"1560 S 29th Blvd, Cornelius, OR 97113",https://dash.pricehubble.com/pb/7Lk4PoD0RBosJyeOBPyahDGQ,ok,
Muy Tiang,"3762 SE Mckenzie Ave, Hillsboro, OR 97123",https://dash.pricehubble.com/pb/whsXkk3W7cD5yir9A7K1uOyu,ok,
Gina Carter,"18001 NE Davis St, Portland, OR 97230",https://dash.pricehubble.com/pb/G5ZiPf7XwoSqIM7BVNU6bbyo,ok,
Cory Lee,"419 NE ROTH ST, PORTLAND, OR 97211",https://dash.pricehubble.com/pb/cbH8UlXK87hcgwbUVmpUWHIQ,ok,
Oscar Morales,"14455 SW 6th St, Beaverton, OR 97005",https://dash.pricehubble.com/pb/SWKCMzzCHwJHYOjjaxk9ego2,ok,
Crisanta Paulino,"17894 SW George Ct, Aloha, OR 97078",https://dash.pricehubble.com/pb/zmloQuWgrbqE3ymhr62YPCH7,ok,
Robert Barrett,"4347 SE Oakhurst St, Hillsboro, OR 97123",https://dash.pricehubble.com/pb/JUoUDkUd8GghnyHNnOIXDsri,ok,
Ninad Adi,"6131 NW Sickle Ter, Portland, OR 97229",https://dash.pricehubble.com/pb/cvGHPllda0mt3vObdz5TDVw5,ok,
Tina Pham,"16880 SW Cynthia St, Aloha, OR 97007",https://dash.pricehubble.com/pb/0Owr7Aw089CkQsRmCvqhaBwP,ok,
Keonavy Nguon,"20295 SW Almond St, Beaverton, OR 97006",https://dash.pricehubble.com/pb/xz8L7qYcy5Z2RqynU6SjBnY0,ok,
Camilla Schmitz,"19803 Grassland Ct, Bend, OR 97702",https://dash.pricehubble.com/pb/iN4vOLzW4h6X4qYdyApYdnkr,ok,
Greg DeMaestri,"2834 NE 77th Pl, Portland, OR 97213",https://dash.pricehubble.com/pb/LpdgOBGIIu1CTGIGth3AK56N,ok,
Cassandra Ingram,"687 SE 35th, Hillsboro, OR 97123",https://dash.pricehubble.com/pb/wizfrcIsv0uJZySlALh0M0fG,ok,
Aubrie Bradford,"2111 Greene St, West Linn, OR 97068",https://dash.pricehubble.com/pb/WzRnX5FuUftFhUGVJDhfApUI,ok,
Sophanna In,"19695 SW Sharoaks Dr, Beaverton, OR 97003",https://dash.pricehubble.com/pb/BdvX0zHbtHSuGf8TrjZgltvp,ok,
Mitra Varshosaz,"15797 SW Village Cir, Beaverton, OR 97007",https://dash.pricehubble.com/pb/Nzh1lzcIIY5uzhSDfNKNm3wb,ok,
Elaine Klautzsch,"19639 Hollygrape St, Bend, OR 97702",https://dash.pricehubble.com/pb/JBzxGky47TxAkWDurgklpT4O,ok,
Roxana Maipi,"349 N 7th Ave, Cornelius, OR 97113",https://dash.pricehubble.com/pb/3zWs7xHssguRP6c5ZwoYkgju,ok,
Jacquelyn Farnsworth,"17578 SW WAKEM ST, ALOHA, OR 97003",https://dash.pricehubble.com/pb/ht9FcejaNNutNjCPF5vjQNda,ok,
Monica Ramirez,"3232 NW 10th St, Redmond, OR 97756",https://dash.pricehubble.com/pb/OICIqWM3CnP3ZBt1CYdUudiV,ok,
Mark Joshua Arances,"2620 SW Lenore Dr, Beaverton, OR 97003",https://dash.pricehubble.com/pb/Ckt5tFURamxtjvJmvJVS176w,ok,
Greta Rose Zagarino,"15012 La Vale Rd, Monkton, MD 21111",https://dash.pricehubble.com/pb/CMH0kADWqsa9BDe1FF2qFOKu,ok,
Bobbi Wright,"3812 R St, Vancouver, WA 98663",https://dash.pricehubble.com/pb/SJ0956k4dbVHiOdyMHz0ANL3,ok,
Ray Paulino,"1945 SW 216th, Beaverton, OR 97006",https://dash.pricehubble.com/pb/CWTEjEw9Ku9xCnRNUdmvOPQ9,ok,
Weiyi Tang,"9408 NE 27th Ave, Vancouver, WA 98665",https://dash.pricehubble.com/pb/KzpyCayRUCTNnNHfxII4qgtq,ok,
Adolfo Martinez Rodriguez,"310 NW 338th Ave, Hillsboro, OR 97124",https://dash.pricehubble.com/pb/EPQILAkmRB5yj4obkdTCcmoL,ok,
Kelly Cook,"1324 George Tweed Blvd, Grants Pass, OR 97527",,error,"422 - ""{\n  \""message\"": \""The provided US address could not be validated\""\n}"""
Jenny Tep,"20070 SW Cascadia St, Beaverton, OR 97078",https://dash.pricehubble.com/pb/PuAprnSv2M2my7MPndHjikdJ,ok,
Elizabeth Vasquez-Diaz,"2213 N Fremont Street, Cornelius, OR 97113",https://dash.pricehubble.com/pb/yDWWreh6us5aWPeKG8vbPmor,ok,
Matthew Gustafson,"9913 NE Sandpiper Cir, Vancouver, WA 98664",https://dash.pricehubble.com/pb/PaT8ElMB062KfCAoVl3esSND,ok,
Connie Preston,"21581 SW Frammy Way, Beaverton, OR 97003",https://dash.pricehubble.com/pb/yoTXO9BgtGVPJ9Fxkg0D8wIO,ok,
Davi Van Winkle,"14671 Upper Cow Creek Rd, Azalea, OR 97410",https://dash.pricehubble.com/pb/rWTGHJbNbFZQWUOrKqwIEkOG,ok,
Curtis Colozzi,"1756 NW 9th Ave, Hillsboro, OR 97124",https://dash.pricehubble.com/pb/Sc0t6lB8j0Z0cXN5JrpUI0xX,ok,
Cheyenne Gabriel,"4308 NE 55th Pl, Vancouver, WA 98661",https://dash.pricehubble.com/pb/tG0CtEBR2tXtXQxgFkQHq6qY,ok,
Christopher Laflin,"4224 SE 63rd Ave, Portland, OR 97206",https://dash.pricehubble.com/pb/7N1Sd64IfeoWdLrVqU4WaJkP,ok,
Chung Han,"65 NE Lombard St, Portland, OR 97211",https://dash.pricehubble.com/pb/IsGs1GlpXaVKo4cVbEzQ4Hh3,ok,
Zachary Williams,"8414 NE 299th St, Battle Ground, WA 98604",https://dash.pricehubble.com/pb/GHBw7k8YIsL6KMD6B3lkr1f6,ok,
Jerome Sibug,"17959 Sw Camas St, Beaverton, OR 97003",https://dash.pricehubble.com/pb/3EVCQDVwtFlg18wrEP6s800g,ok,
Javan Conner,"244 N 19th St, Philomath, OR 97370-9298",https://dash.pricehubble.com/pb/EVPExVKeiuSAmI1TbK6A0U3L,ok,
Andrew White,"610 E Sheridan St, Newberg, OR 97132",https://dash.pricehubble.com/pb/u20VVxzXNTYk8wjbKgA399sO,ok,
John Ceballos,"294 NW Blair St, Sheridan, OR 97378",https://dash.pricehubble.com/pb/XZAlLcAhol21z3icWtVwu3a2,ok,
Deborah McCabe,"1387 NE Indian Trail, Lincoln City, OR 97367",https://dash.pricehubble.com/pb/9Ra9yiznaBBEQ77rwRzFGR8R,ok,
Matthew Gustafson,"9913 NE Sandpiper Cir, Vancouver, WA 98664-2952",https://dash.pricehubble.com/pb/eGQgd5WGLXBgdxxwgLQssjDs,ok,
Matthew Gustafson,"410 E Mission Dr, Newberg, OR 97132",https://dash.pricehubble.com/pb/0x5PN4iNnNJVkngFKnuEKF2g,ok,
Rebecca Hozen,"965 Glen Cove Ave, Scotts Mills, OR 97375",https://dash.pricehubble.com/pb/JVpo7xS9KSM15CVmqEfbp8Eo,ok,
Maria Sar,"7893 SW Bay Berry Dr, Beaverton, OR 97078",https://dash.pricehubble.com/pb/FlhlBzEl15UK7rdNJUMT4YwS,ok,
Taylor Wells,"32875 NW Bella Vista Dr., Scappoose, OR 97056",https://dash.pricehubble.com/pb/29YgbuEsHJdaWEiBcnHxQcpX,ok,
Sameer Saurabh Singh,"5605 SE Logan Ln, Hillsboro, OR 97123",https://dash.pricehubble.com/pb/1Wm1gGIxhSnnYkToOPjnaFhP,ok,
Vincent Butler,"8012 SW Carol Ann Ct, Tigard, OR 97224",https://dash.pricehubble.com/pb/POQJ6vnJCaxnX2edRhWIzymc,ok,
Thanh Chi To,"19735 SW Sandra Ln, Beaverton, OR 97003",https://dash.pricehubble.com/pb/y2wJvPT9va7QNTJ8suW9SOK5,ok,
Brenton Breed,"2813 NE Red Oak Dr, Bend, OR 97701",https://dash.pricehubble.com/pb/NEK1rJHstHgijIJM49t2SywJ,ok,
Stephanie Martens,"2847 NW 9TH PL, Redmond, OR 97756",https://dash.pricehubble.com/pb/9wNdIDsgbRAdnHV1Ki1GN4wz,ok,
Jeffrey Little,"1686 SE Dowery Ln, Hillsboro, OR 97123-5088",https://dash.pricehubble.com/pb/wtRG3d1gOdXPcyly3EivTDn2,ok,
Chhoeuy Chhaysy,"2257 N Holladay St, Cornelius, OR 97113",https://dash.pricehubble.com/pb/1DyNkxXmVDcshuPaOc9ew6uk,ok,
Abigael Barr,"3427 NW 9th St, Redmond, OR 97756",https://dash.pricehubble.com/pb/6ecSdJaqFmLYrEaHJQHdIErD,ok,
Bianita Aquino,"3193 S Jasper Dr, Cornelius, OR 97113",https://dash.pricehubble.com/pb/P7fwR4DcsZM3plB3TCOMXTg8,ok,
Nhi Hinh,"8925 SW 157th Ave, Beaverton, OR 97007",https://dash.pricehubble.com/pb/J8IWP552p5PxRi8LmojRPNfx,ok,
Lisbeth Kobs,"13225 SE Alder St, Portland, OR 97233",https://dash.pricehubble.com/pb/T9Bz4QiI91iuM0RFGKqc92Zp,ok,
Lisbeth Kobs,"19240 Abernethy Ln, Gladstone, OR 97027",https://dash.pricehubble.com/pb/HKNnTFXVavgThuObp6vDwBzz,ok,
Marlo Cochran,"78771 Quincy Mayger Rd, Clatskanie, OR 97016",https://dash.pricehubble.com/pb/CVmRqv8G8CraXSoHiuhyOUJu,ok,
Imelda Justimbaste,"17437 SW Hurrell Lane, Beaverton, OR 97006",https://dash.pricehubble.com/pb/yBBRVDdMx8yX8CDXgkeQ69qX,ok,
Hillary Smith,"352 SW Antler Ridge Court, Redmond, OR 97756",https://dash.pricehubble.com/pb/4JimoVB15g4KFmZ5OJNE4u7W,ok,
Alina Agner,"2334 S Brookside Pl, Ridgefield, WA 98642",https://dash.pricehubble.com/pb/wBKiQnYwu0MbaDV63qA2zrAV,ok,
Minh-Thy Ha,"4975 SW 139th Ave, Beaverton, OR 97005",https://dash.pricehubble.com/pb/x1cznEZ2rzR44OZtgMm99BVb,ok,
Brad Caldwell,"13605 SE Edgefield Ln, Boring, OR 97009-7187",https://dash.pricehubble.com/pb/wbBFTWtZU0PyGW4yn8gSjdz8,ok,
Gerald Suits,"2810 SW 32nd St, Redmond, OR 97756",https://dash.pricehubble.com/pb/iLAQsTNiPIAPsjcPcbPVTk2a,ok,
Rose Cristy Lyne Pacleb,"2097 S Jasper Dr, Cornelius, OR 97113",https://dash.pricehubble.com/pb/5870BLVe80P6kWJQqMW3O6eX,ok,
Venkatesh Rajamanickam,"7616 NE Andover St, Hillsboro, OR 97124",https://dash.pricehubble.com/pb/RuI53dDRilkKTpp3jH6VYwzL,ok,
Jolie Richards,"135 Wander Way SE, Salem, OR 97301",https://dash.pricehubble.com/pb/xuRePT02n7BCL43mjvblFqkM,ok,
Daniel Odegaard,"63090 Riverstone Dr, Bend, OR 97703",https://dash.pricehubble.com/pb/ZJKTeC4rx5ITRjLbiRv5gMNS,ok,
MINHUJ FATIMA,"20650 NW Painted Mountain Drive, Beaverton, OR 97006",https://dash.pricehubble.com/pb/QazX5bxbZ46MYz642OkIoWAw,ok,
Tamara Boyles,"431 15th Ave, Longview, WA 98632",https://dash.pricehubble.com/pb/Rh8M50rYePW2JjEpSf2vua0a,ok,